source,target,L1,L2,L3
0,497,0,1,1
0,699,0,1,1
0,796,1,0,1
1,196,0,1,1
2,343,1,1,1
3,17,1,1,1
3,597,1,0,1
4,55,1,0,0
4,77,1,0,0
4,78,1,0,0
4,86,1,0,0
4,93,1,0,0
4,96,1,0,0
4,97,1,0,0
4,148,1,0,0
4,149,1,0,0
4,154,1,0,0
4,248,1,0,0
4,296,1,0,0
4,379,1,0,0
4,479,1,0,0
4,482,1,0,0
4,483,1,0,0
4,484,1,0,0
4,572,1,0,0
4,592,1,0,0
4,614,1,0,0
4,659,1,0,0
4,690,1,0,0
4,721,1,0,0
4,740,1,0,0
4,763,1,0,0
4,764,1,0,0
4,780,1,0,0
4,784,1,0,0
4,821,1,0,0
5,497,0,1,1
6,196,0,1,1
7,196,0,1,1
8,174,0,1,1
9,174,0,1,1
10,249,1,1,1
10,283,1,0,1
10,483,1,0,1
11,699,0,1,1
12,597,1,1,1
13,597,1,1,1
14,191,0,1,1
14,209,1,0,1
14,540,1,0,1
15,573,0,1,1
16,573,0,1,1
17,3,1,0,0
17,25,1,0,0
17,27,1,0,0
17,28,1,0,0
17,73,1,0,0
17,161,1,0,0
17,163,1,0,0
17,164,1,0,0
17,165,1,0,0
17,166,1,0,0
17,195,1,0,0
17,219,1,0,0
17,249,1,0,0
17,255,1,0,0
17,330,1,0,0
17,331,1,0,0
17,355,1,0,0
17,360,1,0,0
17,517,1,0,0
17,556,1,0,0
17,569,1,0,0
17,624,1,0,0
17,638,1,0,0
17,639,1,0,0
17,718,1,0,0
17,740,1,0,0
17,760,1,0,0
17,762,1,0,0
17,809,1,0,0
17,836,1,0,0
18,699,0,1,1
19,196,0,1,1
20,27,0,1,1
20,143,1,1,1
20,154,1,0,1
20,174,1,0,1
20,188,1,0,1
20,219,1,0,1
20,220,1,0,1
20,252,1,0,1
20,253,1,0,1
20,293,1,0,1
20,316,1,0,1
20,354,1,0,1
20,392,1,0,1
20,478,1,0,1
20,482,1,0,1
20,483,1,0,1
20,484,1,0,1
20,488,1,0,1
20,517,1,0,1
20,542,1,0,1
20,550,1,0,1
20,562,1,0,1
20,602,1,0,1
20,659,1,0,1
20,691,1,0,1
20,707,1,0,1
20,762,1,0,1
20,765,1,0,1
20,820,1,0,1
20,826,1,0,1
20,844,1,0,1
20,855,1,0,1
21,486,0,1,1
21,699,1,0,1
21,728,1,0,1
22,196,0,1,1
23,219,1,1,1
23,844,1,0,1
24,52,1,0,0
24,86,1,0,0
24,152,1,0,0
24,153,1,0,0
24,154,1,0,0
24,458,1,0,0
24,486,1,0,0
24,553,1,0,0
24,650,1,0,0
24,782,1,0,0
24,805,1,0,0
24,847,1,0,0
25,17,1,0,0
25,77,1,0,0
25,95,1,0,0
25,144,1,0,0
25,154,1,0,0
25,196,1,0,0
25,200,1,0,0
25,204,1,0,0
25,209,1,0,0
25,219,1,0,0
25,244,1,0,0
25,245,1,0,0
25,251,1,0,0
25,307,1,0,0
25,310,1,0,0
25,317,1,0,0
25,325,1,0,0
25,330,1,0,0
25,331,1,0,0
25,332,1,0,0
25,379,1,0,0
25,382,1,0,0
25,397,1,0,0
25,473,1,0,0
25,481,1,0,0
25,500,1,0,0
25,525,1,0,0
25,526,1,0,0
25,550,1,0,0
25,595,1,0,0
25,597,1,0,0
25,601,1,0,0
25,602,1,0,0
25,606,1,0,0
25,608,1,0,0
25,638,1,0,0
25,659,1,0,0
25,691,1,0,0
25,707,1,0,0
25,713,1,0,0
25,714,1,0,0
25,734,1,0,0
25,740,1,0,0
25,771,1,0,0
25,782,1,0,0
25,796,1,0,0
25,826,1,0,0
25,830,1,0,0
25,854,1,0,0
25,855,1,0,0
26,209,0,1,1
27,17,1,0,0
27,20,1,0,0
27,96,1,0,0
27,143,1,0,0
27,144,1,0,0
27,163,1,0,0
27,165,1,0,0
27,192,1,0,0
27,204,1,0,0
27,205,1,0,0
27,219,1,0,0
27,249,1,0,0
27,310,1,0,0
27,314,1,0,0
27,316,1,0,0
27,330,1,0,0
27,379,1,0,0
27,525,1,0,0
27,552,1,0,0
27,707,1,0,0
27,713,1,0,0
27,714,1,0,0
27,727,1,0,0
27,836,1,0,0
28,17,0,1,1
28,29,1,0,1
28,391,1,0,1
28,541,1,0,1
28,557,1,0,1
28,623,1,0,1
28,699,1,0,1
28,707,1,0,1
29,28,1,0,0
29,139,1,0,0
29,144,1,0,0
29,204,1,0,0
29,205,1,0,0
29,316,1,0,0
29,520,1,0,0
29,521,1,0,0
29,541,1,0,0
29,563,1,0,0
29,699,1,0,0
30,31,1,0,0
30,32,1,0,0
30,143,1,0,0
30,144,1,0,0
30,145,1,0,0
30,204,1,0,0
30,209,1,0,0
30,249,1,0,0
30,380,1,0,0
30,473,1,0,0
30,541,1,0,0
30,627,1,0,0
30,628,1,0,0
30,629,1,0,0
30,846,1,0,0
31,30,1,0,0
31,33,1,0,0
31,34,1,0,0
31,55,1,0,0
31,77,1,0,0
31,143,1,0,0
31,144,1,0,0
31,145,1,0,0
31,196,1,0,0
31,204,1,0,0
31,219,1,0,0
31,249,1,0,0
31,282,1,0,0
31,283,1,0,0
31,305,1,0,0
31,306,1,0,0
31,307,1,0,0
31,309,1,0,0
31,310,1,0,0
31,367,1,0,0
31,370,1,0,0
31,379,1,0,0
31,380,1,0,0
31,381,1,0,0
31,470,1,0,0
31,471,1,0,0
31,472,1,0,0
31,473,1,0,0
31,474,1,0,0
31,475,1,0,0
31,476,1,0,0
31,498,1,0,0
31,536,1,0,0
31,560,1,0,0
31,610,1,0,0
31,624,1,0,0
31,625,1,0,0
31,659,1,0,0
31,713,1,0,0
31,714,1,0,0
31,716,1,0,0
31,718,1,0,0
31,820,1,0,0
31,846,1,0,0
31,852,1,0,0
32,30,0,1,1
32,33,1,0,1
32,34,1,0,1
32,143,1,0,1
32,145,1,0,1
32,196,1,0,1
32,379,1,1,1
32,381,1,1,1
32,391,1,0,1
32,394,1,0,1
32,541,1,0,1
32,562,1,0,1
32,713,1,0,1
32,796,1,0,1
32,846,1,0,1
33,31,1,0,0
33,32,1,0,0
33,34,1,0,0
33,98,1,0,0
33,99,1,0,0
33,143,1,0,0
33,173,1,0,0
33,196,1,0,0
33,204,1,0,0
33,256,1,0,0
33,350,1,0,0
33,541,1,0,0
33,643,1,0,0
33,846,1,0,0
34,31,1,0,0
34,32,1,0,0
34,33,1,0,0
34,45,1,0,0
34,143,1,0,0
34,209,1,0,0
34,249,1,0,0
34,379,1,0,0
34,380,1,0,0
34,381,1,0,0
34,470,1,0,0
34,472,1,0,0
34,473,1,0,0
34,474,1,0,0
34,475,1,0,0
34,476,1,0,0
34,643,1,0,0
34,852,1,0,0
35,597,1,1,1
36,52,0,1,1
36,199,1,0,1
36,518,1,0,1
36,820,1,0,1
37,52,0,1,1
37,518,1,0,1
37,603,1,0,1
38,52,0,1,1
39,219,1,1,1
40,114,0,1,1
40,365,1,0,1
40,497,1,0,1
41,500,0,1,1
42,500,0,1,1
43,55,1,0,0
43,74,1,0,0
43,219,1,0,0
43,604,1,0,0
43,820,1,0,0
43,829,1,0,0
43,830,1,0,0
43,831,1,0,0
43,848,1,0,0
43,849,1,0,0
44,77,1,0,0
44,219,1,0,0
44,520,1,0,0
44,741,1,0,0
45,34,1,1,1
45,249,1,0,1
45,379,1,1,1
45,381,1,1,1
45,541,1,0,1
46,196,0,1,1
46,219,1,1,1
47,145,1,1,1
47,219,1,1,1
47,488,1,0,1
47,562,1,0,1
47,597,1,0,1
47,785,1,0,1
48,249,1,1,1
48,597,1,1,1
48,762,1,0,1
48,763,1,0,1
48,764,1,0,1
48,765,1,0,1
48,820,1,0,1
49,343,1,1,1
49,542,1,0,1
49,665,1,0,1
50,343,1,1,1
51,143,0,1,1
51,191,1,0,1
51,480,1,0,1
51,540,1,0,1
51,573,1,0,1
52,24,1,1,0
52,36,1,1,0
52,37,1,1,0
52,38,1,1,0
52,58,1,1,0
52,59,1,1,0
52,68,1,1,0
52,74,1,1,0
52,75,1,1,0
52,76,1,1,0
52,85,1,1,0
52,87,1,1,0
52,88,1,1,0
52,91,1,1,0
52,100,1,1,0
52,101,1,1,0
52,102,1,1,0
52,103,1,1,0
52,104,1,1,0
52,105,1,1,0
52,106,1,1,0
52,107,1,1,0
52,154,1,1,0
52,175,1,1,0
52,177,1,1,0
52,188,0,1,1
52,189,0,1,1
52,198,0,1,1
52,204,0,1,1
52,213,0,1,1
52,218,0,1,1
52,253,0,1,1
52,305,0,1,1
52,361,0,1,1
52,363,0,1,1
52,386,0,1,1
52,387,0,1,1
52,388,0,1,1
52,389,0,1,1
52,390,0,1,1
52,392,0,1,1
52,393,0,1,1
52,400,0,1,1
52,458,0,1,1
52,468,0,1,1
52,518,0,1,1
52,532,0,1,1
52,542,0,1,1
52,575,0,1,1
52,576,0,1,1
52,588,0,1,1
52,603,0,1,1
52,618,0,1,1
52,653,0,1,1
52,659,0,1,1
52,665,0,1,1
52,701,0,1,1
52,708,0,1,1
52,727,0,1,1
52,729,0,1,1
52,730,0,1,1
52,732,0,1,1
52,733,0,1,1
52,762,0,1,1
52,781,0,1,1
52,782,0,1,1
52,819,0,1,1
52,820,0,1,1
52,821,0,1,1
52,822,0,1,1
52,825,0,1,1
52,829,0,1,1
52,847,0,1,1
52,862,1,1,0
53,343,1,1,1
54,55,1,1,1
54,219,1,0,1
54,848,1,0,1
54,849,1,0,1
55,4,1,0,0
55,31,1,0,0
55,43,1,0,0
55,54,1,0,0
55,152,1,0,0
55,196,1,0,0
55,203,1,0,0
55,219,1,0,0
55,249,1,0,0
55,343,1,0,0
55,433,1,0,0
55,536,1,0,0
55,540,1,0,0
55,601,1,0,0
55,604,1,0,0
55,820,1,0,0
55,848,1,0,0
55,849,1,0,0
56,209,0,1,1
57,219,1,1,1
57,394,1,0,1
57,562,1,0,1
58,52,0,1,1
58,821,1,0,1
59,52,0,1,1
60,343,1,1,1
61,500,0,1,1
62,500,0,1,1
63,196,0,1,1
64,497,0,1,1
65,597,1,1,1
66,597,1,1,1
67,204,1,1,1
67,219,1,0,1
67,527,1,0,1
67,528,1,0,1
68,52,0,1,1
69,249,1,1,1
69,586,1,0,1
70,174,0,1,1
70,715,1,0,1
70,786,1,0,1
71,135,0,1,1
72,249,1,1,1
73,17,1,1,1
73,249,1,0,1
73,379,1,1,1
73,394,1,0,1
73,762,1,0,1
74,43,1,1,1
74,52,0,1,1
74,188,1,0,1
74,189,1,0,1
74,219,1,0,1
74,604,1,0,1
74,659,1,0,1
74,820,1,0,1
74,821,1,0,1
75,52,0,1,1
75,188,1,0,1
76,52,0,1,1
77,4,1,1,1
77,25,0,1,1
77,31,1,1,1
77,44,1,1,1
77,152,1,0,1
77,154,1,0,1
77,188,1,0,1
77,189,1,0,1
77,196,1,0,1
77,219,1,0,1
77,224,1,0,1
77,249,1,0,1
77,282,1,0,1
77,292,1,0,1
77,308,1,0,1
77,379,1,0,1
77,392,1,1,1
77,393,1,0,1
77,394,1,0,1
77,458,1,0,1
77,469,1,0,1
77,516,1,0,1
77,518,1,0,1
77,597,1,0,1
77,659,1,0,1
77,665,1,0,1
77,690,1,0,1
77,692,1,0,1
77,714,1,0,1
77,716,1,0,1
77,718,1,0,1
77,762,1,0,1
77,763,1,0,1
77,764,1,0,1
77,765,1,0,1
77,782,1,0,1
78,4,0,1,1
78,188,1,0,1
78,189,1,0,1
78,196,1,0,1
78,659,1,0,1
78,690,1,0,1
78,763,1,0,1
78,764,1,0,1
79,219,1,1,1
79,516,1,0,1
79,727,1,0,1
80,219,1,1,1
80,322,1,0,1
81,196,0,1,1
81,255,1,0,1
82,249,1,1,1
82,255,1,0,1
83,114,0,1,1
83,201,0,1,1
83,209,1,0,1
83,255,1,0,1
83,392,1,0,1
83,497,1,0,1
83,826,1,0,1
83,827,1,0,1
83,855,1,0,1
84,135,0,1,1
85,52,0,1,1
85,329,1,0,1
86,4,0,1,1
86,24,1,1,1
86,174,0,1,1
86,343,1,0,1
86,482,1,0,1
86,483,1,0,1
86,484,1,0,1
86,518,1,0,1
86,573,1,0,1
87,52,0,1,1
88,52,0,1,1
88,603,1,0,1
89,135,1,1,1
89,152,0,1,1
89,154,0,1,1
89,174,0,1,1
89,219,1,0,1
89,223,1,0,1
89,392,1,0,1
89,393,1,0,1
89,395,1,0,1
89,486,1,0,1
89,497,1,0,1
89,713,1,0,1
89,714,1,0,1
89,718,1,0,1
89,734,1,0,1
89,826,1,0,1
89,827,1,0,1
89,844,1,0,1
89,855,1,0,1
90,154,0,1,1
90,482,1,0,1
90,483,1,0,1
90,484,1,0,1
90,573,1,0,1
90,718,1,0,1
90,826,1,0,1
90,827,1,0,1
90,855,1,0,1
91,52,0,1,1
91,188,1,0,1
91,189,1,0,1
91,659,1,0,1
91,821,1,0,1
92,188,1,1,1
92,189,1,0,1
92,219,1,0,1
92,659,1,0,1
92,713,1,0,1
92,716,1,0,1
93,4,0,1,1
93,253,1,0,1
93,381,1,0,1
93,573,1,1,1
93,648,1,0,1
94,196,0,1,1
94,573,0,1,1
95,25,0,1,1
95,174,1,0,1
95,188,1,0,1
95,189,1,0,1
95,516,1,0,1
95,659,1,0,1
95,690,1,0,1
96,4,1,1,1
96,27,0,1,1
96,143,1,0,1
96,188,1,0,1
96,189,1,0,1
96,196,1,0,1
96,219,1,0,1
96,252,1,0,1
96,316,1,0,1
96,379,1,1,1
96,392,1,0,1
96,394,1,0,1
96,478,1,0,1
96,517,1,0,1
96,659,1,0,1
96,692,1,0,1
96,713,1,0,1
96,714,1,0,1
96,727,1,0,1
96,729,1,0,1
96,785,1,0,1
96,787,1,0,1
96,820,1,0,1
97,4,1,1,1
97,188,1,0,1
97,189,1,0,1
97,219,1,0,1
97,252,1,0,1
97,253,1,0,1
97,659,1,0,1
98,33,1,1,1
98,189,1,0,1
98,222,1,0,1
98,223,1,0,1
98,249,1,0,1
98,379,1,1,1
98,393,1,0,1
98,527,1,0,1
98,624,1,0,1
98,690,1,0,1
98,691,1,0,1
98,727,1,0,1
98,844,1,0,1
99,33,1,1,1
99,198,1,0,1
99,202,1,0,1
99,204,1,0,1
99,252,1,0,1
99,253,1,0,1
99,329,1,0,1
99,343,1,0,1
99,379,1,1,1
99,392,1,0,1
99,393,1,0,1
99,516,1,0,1
99,542,1,0,1
99,624,1,0,1
99,665,1,0,1
99,691,1,0,1
100,52,0,1,1
101,52,0,1,1
102,52,0,1,1
103,52,0,1,1
104,52,0,1,1
105,52,0,1,1
106,52,0,1,1
107,52,0,1,1
108,699,0,1,1
109,219,1,1,1
110,196,0,1,1
110,198,1,0,1
110,305,1,0,1
110,307,1,0,1
110,310,1,0,1
110,498,1,0,1
110,523,1,0,1
110,718,1,0,1
111,196,0,1,1
111,198,1,0,1
111,305,1,0,1
111,310,1,0,1
111,311,1,0,1
111,498,1,0,1
111,523,1,0,1
111,707,1,0,1
111,718,1,0,1
112,196,0,1,1
113,497,0,1,1
114,40,1,0,0
114,83,1,0,0
114,143,1,0,0
114,365,1,0,0
114,366,1,0,0
114,367,1,0,0
114,368,1,0,0
114,369,1,0,0
114,370,1,0,0
114,371,1,0,0
114,497,1,0,0
114,577,1,0,0
114,824,1,0,0
115,135,0,1,1
116,135,0,1,1
117,135,0,1,1
118,135,0,1,1
119,135,0,1,1
120,135,0,1,1
121,135,0,1,1
122,135,0,1,1
123,135,0,1,1
124,135,0,1,1
125,135,0,1,1
126,135,0,1,1
127,135,0,1,1
128,135,0,1,1
129,135,0,1,1
130,135,0,1,1
131,135,0,1,1
132,135,0,1,1
132,200,1,0,1
133,135,0,1,1
134,135,0,1,1
135,71,1,1,0
135,84,1,1,0
135,89,1,1,0
135,115,1,1,0
135,116,0,1,1
135,117,0,1,1
135,118,0,1,1
135,119,0,1,1
135,120,0,1,1
135,121,0,1,1
135,122,0,1,1
135,123,0,1,1
135,124,0,1,1
135,125,0,1,1
135,126,0,1,1
135,127,0,1,1
135,128,0,1,1
135,129,0,1,1
135,130,1,1,0
135,131,0,1,1
135,132,0,1,1
135,133,0,1,1
135,134,0,1,1
135,136,0,1,1
135,137,0,1,1
135,152,0,1,1
135,200,0,1,1
135,206,0,1,1
135,216,0,1,1
135,227,0,1,1
135,305,0,1,1
135,364,0,1,1
135,410,0,1,1
135,411,0,1,1
135,447,0,1,1
135,467,0,1,1
135,477,0,1,1
135,578,0,1,1
135,600,0,1,1
135,609,0,1,1
135,633,0,1,1
135,649,0,1,1
135,688,0,1,1
135,692,0,1,1
135,693,0,1,1
135,717,0,1,1
135,737,0,1,1
135,745,0,1,1
135,777,0,1,1
135,802,0,1,1
135,803,0,1,1
135,804,0,1,1
135,841,0,1,1
136,135,0,1,1
137,135,0,1,1
138,500,0,1,1
139,29,0,1,1
139,541,1,0,1
139,623,1,0,1
139,699,1,0,1
139,707,1,0,1
140,249,1,1,1
141,497,0,1,1
142,174,0,1,1
143,20,1,0,0
143,27,1,0,0
143,30,1,0,0
143,31,1,0,0
143,32,1,0,0
143,33,1,0,0
143,34,1,0,0
143,51,1,0,0
143,96,1,0,0
143,114,1,0,0
143,144,1,0,0
143,145,1,0,0
143,192,1,0,0
143,204,1,0,0
143,209,1,0,0
143,249,1,0,0
143,287,1,0,0
143,296,1,0,0
143,316,1,0,0
143,320,1,0,0
143,379,1,0,0
143,469,1,0,0
143,470,1,0,0
143,472,1,0,0
143,473,1,0,0
143,474,1,0,0
143,480,1,0,0
143,488,1,0,0
143,541,1,0,0
143,552,1,0,0
143,562,1,0,0
143,610,1,0,0
143,625,1,0,0
143,627,1,0,0
143,628,1,0,0
143,703,1,0,0
143,741,1,0,0
143,834,1,0,0
143,836,1,0,0
143,846,1,0,0
144,25,1,1,1
144,27,1,0,1
144,29,1,0,1
144,30,1,0,1
144,31,1,0,1
144,143,1,0,1
144,145,1,0,1
144,152,1,0,1
144,154,1,0,1
144,188,1,0,1
144,200,1,0,1
144,204,1,0,1
144,205,1,0,1
144,219,1,0,1
144,223,1,0,1
144,252,1,0,1
144,253,1,0,1
144,260,1,0,1
144,305,1,0,1
144,307,1,0,1
144,308,1,0,1
144,310,1,0,1
144,311,1,0,1
144,316,1,0,1
144,328,1,0,1
144,365,1,0,1
144,379,1,1,1
144,393,1,0,1
144,395,1,0,1
144,458,1,0,1
144,469,1,0,1
144,482,1,0,1
144,483,1,0,1
144,484,1,0,1
144,516,1,0,1
144,517,1,0,1
144,527,1,0,1
144,528,1,0,1
144,530,1,0,1
144,586,1,0,1
144,603,1,0,1
144,623,1,0,1
144,624,1,0,1
144,665,1,0,1
144,690,1,0,1
144,692,1,0,1
144,713,1,0,1
144,714,1,0,1
144,716,1,0,1
144,727,1,0,1
144,729,1,0,1
144,760,1,0,1
144,763,1,0,1
144,764,1,0,1
144,781,1,0,1
144,782,1,0,1
144,785,1,0,1
144,786,1,0,1
144,787,1,0,1
144,820,1,0,1
144,835,1,0,1
144,852,1,0,1
145,30,1,0,0
145,31,1,0,0
145,32,1,0,0
145,47,1,0,0
145,143,1,0,0
145,144,1,0,0
145,204,1,0,0
145,249,1,0,0
145,357,1,0,0
145,379,1,0,0
145,474,1,0,0
145,537,1,0,0
145,538,1,0,0
145,539,1,0,0
145,610,1,0,0
145,628,1,0,0
145,846,1,0,0
145,847,1,0,0
146,219,1,1,1
146,480,1,0,1
146,562,1,0,1
147,219,1,1,1
148,4,0,1,1
148,573,1,0,1
149,4,0,1,1
149,573,1,0,1
150,497,0,1,1
151,249,1,1,1
152,24,1,0,0
152,55,1,0,0
152,77,1,0,0
152,89,1,0,0
152,135,1,0,0
152,144,1,0,0
152,154,1,0,0
152,189,1,0,0
152,305,1,0,0
152,306,1,0,0
152,382,1,0,0
152,392,1,0,0
152,395,1,0,0
152,458,1,0,0
152,486,1,0,0
152,517,1,0,0
152,553,1,0,0
152,659,1,0,0
152,660,1,0,0
152,661,1,0,0
152,690,1,0,0
152,712,1,0,0
152,714,1,0,0
152,771,1,0,0
152,782,1,0,0
152,796,1,0,0
152,805,1,0,0
152,830,1,0,0
152,855,1,0,0
153,24,0,1,1
153,154,1,0,1
153,482,1,0,1
153,484,1,0,1
153,486,1,0,1
153,573,1,0,1
154,4,1,0,0
154,20,1,0,0
154,24,1,0,0
154,25,1,0,0
154,52,1,0,0
154,77,1,0,0
154,89,1,0,0
154,90,1,0,0
154,144,1,0,0
154,152,1,0,0
154,153,1,0,0
154,155,1,0,0
154,195,1,0,0
154,204,1,0,0
154,209,1,0,0
154,219,1,0,0
154,224,1,0,0
154,252,1,0,0
154,253,1,0,0
154,258,1,0,0
154,379,1,0,0
154,392,1,0,0
154,393,1,0,0
154,458,1,0,0
154,482,1,0,0
154,483,1,0,0
154,484,1,0,0
154,486,1,0,0
154,488,1,0,0
154,517,1,0,0
154,553,1,0,0
154,562,1,0,0
154,573,1,0,0
154,606,1,0,0
154,691,1,0,0
154,692,1,0,0
154,714,1,0,0
154,715,1,0,0
154,716,1,0,0
154,740,1,0,0
154,781,1,0,0
154,782,1,0,0
155,154,0,1,1
155,573,1,0,1
156,219,1,1,1
156,497,0,1,1
156,527,1,0,1
156,834,1,0,1
157,497,0,1,1
158,497,0,1,1
159,497,0,1,1
160,219,1,1,1
161,17,0,1,1
161,196,1,1,1
161,198,0,1,1
161,249,1,0,1
161,379,1,0,1
161,394,1,1,1
161,497,1,0,1
161,542,1,0,1
161,608,1,0,1
161,665,1,0,1
161,762,1,0,1
161,810,1,0,1
162,219,1,1,1
162,220,1,1,1
162,597,1,0,1
163,17,1,1,1
163,27,1,0,1
163,219,1,0,1
163,623,1,0,1
164,17,1,1,1
164,249,1,0,1
165,17,1,1,1
165,27,1,0,1
165,219,1,0,1
166,17,0,1,1
166,196,1,0,1
167,219,1,1,1
168,219,1,1,1
168,488,1,0,1
169,597,1,1,1
170,597,1,1,1
171,597,1,1,1
172,597,1,1,1
173,33,1,1,1
173,249,1,0,1
173,541,1,0,1
173,846,1,0,1
174,8,1,1,0
174,9,0,1,1
174,20,0,1,1
174,70,0,1,1
174,86,0,1,1
174,89,0,1,1
174,95,0,1,1
174,142,0,1,1
174,236,0,1,1
174,282,0,1,1
174,294,0,1,1
174,323,0,1,1
174,591,0,1,1
174,613,0,1,1
174,629,0,1,1
174,635,0,1,1
174,650,0,1,1
174,651,0,1,1
174,652,0,1,1
174,658,0,1,1
174,668,0,1,1
174,669,0,1,1
174,670,0,1,1
174,671,0,1,1
174,672,0,1,1
174,673,0,1,1
174,674,0,1,1
174,675,0,1,1
174,676,0,1,1
174,677,0,1,1
174,678,0,1,1
174,679,0,1,1
174,680,0,1,1
174,681,0,1,1
174,682,0,1,1
174,689,0,1,1
174,735,0,1,1
174,755,0,1,1
174,756,0,1,1
174,757,0,1,1
174,758,0,1,1
174,759,0,1,1
174,775,0,1,1
174,783,0,1,1
174,806,0,1,1
174,807,0,1,1
174,815,0,1,1
174,816,0,1,1
174,817,0,1,1
174,823,0,1,1
174,858,0,1,1
175,52,0,1,1
176,196,0,1,1
177,52,1,0,0
177,188,1,0,0
177,193,1,0,0
177,225,1,0,0
177,303,1,0,0
177,305,1,0,0
177,306,1,0,0
177,317,1,0,0
177,480,1,0,0
177,659,1,0,0
177,660,1,0,0
177,661,1,0,0
177,729,1,0,0
177,771,1,0,0
177,772,1,0,0
177,820,1,0,0
177,855,1,0,0
178,573,0,1,1
179,249,1,1,1
179,394,1,1,1
179,562,1,0,1
179,597,1,0,1
180,597,1,1,1
181,597,1,1,1
182,597,1,1,1
183,597,1,1,1
184,597,1,1,1
185,597,1,1,1
186,597,1,1,1
187,573,0,1,1
188,20,1,0,0
188,52,1,0,0
188,74,1,0,0
188,75,1,0,0
188,77,1,0,0
188,78,1,0,0
188,91,1,0,0
188,92,1,0,0
188,95,1,0,0
188,96,1,0,0
188,97,1,0,0
188,144,1,0,0
188,177,1,0,0
188,189,1,0,0
188,198,1,0,0
188,199,1,0,0
188,204,1,0,0
188,219,1,0,0
188,222,1,0,0
188,223,1,0,0
188,225,1,0,0
188,305,1,0,0
188,394,1,0,0
188,469,1,0,0
188,479,1,0,0
188,597,1,0,0
188,659,1,0,0
188,660,1,0,0
188,662,1,0,0
188,699,1,0,0
188,727,1,0,0
188,778,1,0,0
188,828,1,0,0
189,52,1,0,0
189,74,1,0,0
189,77,1,0,0
189,78,1,0,0
189,91,1,0,0
189,92,1,0,0
189,95,1,0,0
189,96,1,0,0
189,97,1,0,0
189,98,1,0,0
189,152,1,0,0
189,188,1,0,0
189,305,1,0,0
189,306,1,0,0
189,517,1,0,0
189,531,1,0,0
189,659,1,0,0
189,660,1,0,0
189,662,1,0,0
189,712,1,0,0
189,713,1,0,0
189,714,1,0,0
189,820,1,0,0
189,834,1,0,0
190,191,0,1,1
190,196,1,0,1
191,14,1,0,0
191,51,1,0,0
191,190,1,0,0
191,209,1,0,0
191,526,1,0,0
191,540,1,0,0
191,546,1,0,0
191,560,1,0,0
191,667,1,0,0
191,820,1,0,0
192,27,0,1,1
192,143,1,0,1
192,283,1,0,1
192,316,1,0,1
192,497,1,0,1
193,177,0,1,1
193,196,1,0,1
193,307,1,0,1
193,310,1,0,1
193,718,1,0,1
193,852,1,0,1
194,209,0,1,1
194,224,0,1,1
194,393,1,0,1
194,587,1,0,1
194,699,1,0,1
194,762,1,0,1
194,855,1,0,1
195,17,1,1,1
195,154,0,1,1
195,196,1,1,1
195,200,0,1,1
195,209,0,1,1
195,219,1,0,1
195,316,1,0,1
195,391,1,0,1
195,500,1,0,1
195,597,1,0,1
195,760,1,0,1
195,762,1,0,1
195,763,1,0,1
195,764,1,0,1
195,787,1,0,1
195,844,1,0,1
195,855,1,0,1
196,1,1,1,0
196,6,1,1,0
196,7,1,1,0
196,19,1,1,0
196,22,1,1,0
196,25,1,1,0
196,31,1,1,0
196,32,1,1,0
196,33,1,1,0
196,46,1,1,0
196,55,1,1,0
196,63,1,1,0
196,77,1,1,0
196,78,1,1,0
196,81,1,1,0
196,94,1,1,0
196,96,1,1,0
196,110,0,1,1
196,111,0,1,1
196,112,0,1,1
196,161,0,1,1
196,166,0,1,1
196,176,0,1,1
196,190,0,1,1
196,193,0,1,1
196,195,0,1,1
196,203,0,1,1
196,204,0,1,1
196,222,0,1,1
196,223,0,1,1
196,225,0,1,1
196,230,0,1,1
196,233,0,1,1
196,234,1,1,0
196,235,0,1,1
196,237,0,1,1
196,240,0,1,1
196,246,0,1,1
196,248,1,1,0
196,249,0,1,1
196,250,0,1,1
196,252,0,1,1
196,286,1,1,0
196,287,0,1,1
196,290,0,1,1
196,305,0,1,1
196,306,0,1,1
196,307,0,1,1
196,309,0,1,1
196,310,0,1,1
196,316,1,1,0
196,324,0,1,1
196,327,0,1,1
196,340,1,1,0
196,342,1,1,0
196,345,0,1,1
196,346,0,1,1
196,347,0,1,1
196,348,0,1,1
196,349,0,1,1
196,352,1,1,0
196,357,1,1,0
196,358,0,1,1
196,359,1,1,0
196,360,1,1,0
196,362,0,1,1
196,365,0,1,1
196,366,0,1,1
196,367,0,1,1
196,368,0,1,1
196,369,1,1,0
196,370,0,1,1
196,371,0,1,1
196,373,0,1,1
196,379,0,1,1
196,380,0,1,1
196,382,0,1,1
196,393,0,1,1
196,397,0,1,1
196,456,0,1,1
196,457,0,1,1
196,459,0,1,1
196,460,0,1,1
196,464,0,1,1
196,469,1,1,0
196,470,0,1,1
196,474,0,1,1
196,492,0,1,1
196,498,0,1,1
196,499,0,1,1
196,515,0,1,1
196,516,0,1,1
196,523,0,1,1
196,537,0,1,1
196,538,0,1,1
196,539,0,1,1
196,542,1,1,0
196,549,0,1,1
196,558,0,1,1
196,562,0,1,1
196,577,0,1,1
196,590,0,1,1
196,592,0,1,1
196,593,0,1,1
196,599,0,1,1
196,608,0,1,1
196,611,0,1,1
196,612,0,1,1
196,621,0,1,1
196,624,0,1,1
196,634,0,1,1
196,635,0,1,1
196,637,0,1,1
196,639,0,1,1
196,643,0,1,1
196,654,1,1,0
196,660,0,1,1
196,661,0,1,1
196,662,0,1,1
196,663,0,1,1
196,664,0,1,1
196,665,0,1,1
196,666,0,1,1
196,687,0,1,1
196,710,0,1,1
196,711,0,1,1
196,717,0,1,1
196,718,0,1,1
196,719,0,1,1
196,723,0,1,1
196,727,0,1,1
196,739,0,1,1
196,760,0,1,1
196,761,0,1,1
196,765,0,1,1
196,766,0,1,1
196,769,0,1,1
196,772,0,1,1
196,773,0,1,1
196,774,1,1,0
196,779,0,1,1
196,781,0,1,1
196,790,0,1,1
196,795,0,1,1
196,808,0,1,1
196,809,0,1,1
196,813,1,1,0
196,818,0,1,1
196,820,0,1,1
196,821,0,1,1
196,831,1,1,0
196,836,1,1,0
196,842,1,1,0
197,573,0,1,1
198,52,1,0,0
198,99,1,0,0
198,110,1,0,0
198,111,1,0,0
198,161,1,0,0
198,188,1,0,0
198,303,1,0,0
198,305,1,0,0
198,306,1,0,0
198,317,1,0,0
198,360,1,0,0
198,498,1,0,0
198,499,1,0,0
198,660,1,0,0
198,661,1,0,0
198,665,1,0,0
198,778,1,0,0
198,820,1,0,0
199,36,1,0,0
199,188,1,0,0
199,209,1,0,0
199,260,1,0,0
199,359,1,0,0
199,380,1,0,0
199,542,1,0,0
199,659,1,0,0
199,690,1,0,0
199,727,1,0,0
200,25,1,0,0
200,132,1,0,0
200,135,1,0,0
200,144,1,0,0
200,195,1,0,0
200,204,1,0,0
200,209,1,0,0
200,379,1,0,0
200,469,1,0,0
200,497,1,0,0
200,517,1,0,0
200,553,1,0,0
200,639,1,0,0
200,778,1,0,0
201,83,1,0,0
201,358,1,0,0
201,392,1,0,0
201,475,1,0,0
201,479,1,0,0
201,497,1,0,0
201,690,1,0,0
201,820,1,0,0
202,99,1,0,0
202,203,1,0,0
202,204,1,0,0
202,208,1,0,0
202,209,1,0,0
202,249,1,0,0
202,302,1,0,0
202,305,1,0,0
202,379,1,0,0
202,470,1,0,0
202,471,1,0,0
202,472,1,0,0
202,473,1,0,0
202,474,1,0,0
202,475,1,0,0
202,476,1,0,0
202,484,1,0,0
202,741,1,0,0
202,771,1,0,0
202,778,1,0,0
202,830,1,0,0
203,55,1,0,0
203,196,1,0,0
203,202,1,0,0
203,249,1,0,0
203,379,1,0,0
203,395,1,0,0
203,458,1,0,0
203,470,1,0,0
203,472,1,0,0
203,473,1,0,0
203,474,1,0,0
203,475,1,0,0
203,542,1,0,0
203,666,1,0,0
203,741,1,0,0
203,772,1,0,0
203,778,1,0,0
203,785,1,0,0
204,25,1,0,0
204,27,1,0,0
204,29,1,0,0
204,30,1,0,0
204,31,1,0,0
204,33,1,0,0
204,52,1,0,0
204,67,1,0,0
204,99,1,0,0
204,143,1,0,0
204,144,1,0,0
204,145,1,0,0
204,154,1,0,0
204,188,1,0,0
204,196,1,0,0
204,200,1,0,0
204,202,1,0,0
204,205,1,0,0
204,209,1,0,0
204,219,1,0,0
204,222,1,0,0
204,223,1,0,0
204,224,1,0,0
204,249,1,0,0
204,252,1,0,0
204,253,1,0,0
204,260,1,0,0
204,282,1,0,0
204,305,1,0,0
204,306,1,0,0
204,307,1,0,0
204,308,1,0,0
204,310,1,0,0
204,311,1,0,0
204,316,1,0,0
204,319,1,0,0
204,328,1,0,0
204,367,1,0,0
204,379,1,0,0
204,381,1,0,0
204,392,1,0,0
204,393,1,0,0
204,395,1,0,0
204,458,1,0,0
204,469,1,0,0
204,480,1,0,0
204,482,1,0,0
204,483,1,0,0
204,484,1,0,0
204,488,1,0,0
204,497,1,0,0
204,516,1,0,0
204,517,1,0,0
204,525,1,0,0
204,526,1,0,0
204,527,1,0,0
204,528,1,0,0
204,530,1,0,0
204,542,1,0,0
204,543,1,0,0
204,560,1,0,0
204,562,1,0,0
204,597,1,0,0
204,603,1,0,0
204,623,1,0,0
204,624,1,0,0
204,659,1,0,0
204,665,1,0,0
204,690,1,0,0
204,692,1,0,0
204,707,1,0,0
204,713,1,0,0
204,714,1,0,0
204,727,1,0,0
204,729,1,0,0
204,760,1,0,0
204,763,1,0,0
204,764,1,0,0
204,771,1,0,0
204,778,1,0,0
204,780,1,0,0
204,781,1,0,0
204,782,1,0,0
204,785,1,0,0
204,786,1,0,0
204,787,1,0,0
204,820,1,0,0
204,821,1,0,0
204,834,1,0,0
204,835,1,0,0
204,852,1,0,0
204,855,1,0,0
205,27,1,0,0
205,29,1,0,0
205,144,1,0,0
205,204,1,0,0
205,316,1,0,0
205,392,1,0,0
205,560,1,0,0
205,641,1,0,0
205,699,1,0,0
205,707,1,0,0
205,712,1,0,0
205,714,1,0,0
205,724,1,0,0
205,836,1,0,0
206,135,0,1,1
206,411,0,1,1
206,855,1,0,1
207,497,0,1,1
207,734,1,0,1
208,202,0,1,1
208,497,1,0,1
209,14,1,1,0
209,25,1,1,0
209,26,1,1,0
209,30,1,1,0
209,34,1,1,0
209,56,1,1,0
209,83,1,1,0
209,143,1,1,0
209,154,1,1,0
209,191,1,1,0
209,194,1,1,0
209,195,1,1,0
209,199,1,1,0
209,200,1,1,0
209,202,1,1,0
209,204,1,1,0
209,210,1,1,0
209,211,1,1,0
209,214,1,1,0
209,215,1,1,0
209,224,1,1,0
209,255,1,1,0
209,258,1,1,0
209,259,1,1,0
209,260,1,1,0
209,283,1,1,0
209,296,1,1,0
209,297,1,1,0
209,304,1,1,0
209,325,1,1,0
209,330,0,1,1
209,360,0,1,1
209,378,0,1,1
209,381,0,1,1
209,401,0,1,1
209,475,0,1,1
209,485,0,1,1
209,516,0,1,1
209,527,0,1,1
209,564,0,1,1
209,566,0,1,1
209,567,0,1,1
209,568,0,1,1
209,587,0,1,1
209,597,0,1,1
209,605,0,1,1
209,606,0,1,1
209,607,0,1,1
209,614,0,1,1
209,615,0,1,1
209,619,0,1,1
209,640,0,1,1
209,641,0,1,1
209,644,0,1,1
209,645,0,1,1
209,646,0,1,1
209,648,0,1,1
209,668,0,1,1
209,672,0,1,1
209,697,0,1,1
209,703,0,1,1
209,721,0,1,1
209,727,0,1,1
209,729,0,1,1
209,730,0,1,1
209,740,1,1,0
209,770,0,1,1
209,785,0,1,1
209,786,0,1,1
209,787,0,1,1
209,789,0,1,1
209,791,0,1,1
209,835,0,1,1
209,836,0,1,1
209,845,0,1,1
209,848,0,1,1
209,849,0,1,1
209,850,0,1,1
209,852,1,1,0
210,209,0,1,1
211,209,0,1,1
212,249,1,1,1
212,319,1,0,1
212,586,1,0,1
212,848,1,0,1
212,849,1,0,1
213,52,0,1,1
214,209,0,1,1
215,209,0,1,1
216,135,0,1,1
217,343,1,1,1
218,52,0,1,1
219,17,1,1,0
219,20,1,1,0
219,23,1,1,0
219,25,1,1,0
219,27,1,1,0
219,31,1,1,0
219,39,1,1,0
219,43,1,1,0
219,44,1,1,0
219,46,1,1,0
219,47,1,1,0
219,54,1,1,0
219,55,1,1,0
219,57,1,1,0
219,67,1,1,0
219,74,1,1,0
219,77,1,1,0
219,79,1,1,0
219,80,1,1,0
219,89,1,1,0
219,92,1,1,0
219,96,1,1,0
219,97,1,1,0
219,109,1,1,0
219,144,1,1,0
219,146,1,1,1
219,147,1,1,1
219,154,1,1,1
219,156,1,1,1
219,160,1,1,1
219,162,1,1,1
219,163,1,1,0
219,165,1,1,1
219,167,1,1,1
219,168,1,1,1
219,188,1,1,1
219,195,1,1,0
219,204,1,1,1
219,220,1,1,0
219,221,1,1,1
219,228,1,1,1
219,246,1,1,1
219,249,1,1,1
219,251,1,1,1
219,254,1,1,1
219,280,1,1,1
219,282,1,1,1
219,298,1,1,1
219,305,1,1,1
219,308,1,1,0
219,310,1,1,1
219,311,1,1,1
219,329,1,1,1
219,330,1,1,0
219,331,1,1,1
219,337,1,1,1
219,339,1,1,1
219,343,1,1,1
219,350,1,1,1
219,351,1,1,0
219,379,1,1,0
219,380,1,1,1
219,381,1,1,1
219,382,1,1,1
219,383,1,1,1
219,384,1,1,0
219,393,1,1,0
219,396,1,1,0
219,411,1,1,0
219,458,1,1,0
219,470,1,1,0
219,474,1,1,1
219,479,1,1,0
219,480,1,1,1
219,481,1,1,1
219,491,1,1,1
219,498,1,1,1
219,516,1,1,1
219,517,1,1,1
219,525,1,1,1
219,526,1,1,1
219,527,1,1,1
219,529,1,1,1
219,530,1,1,1
219,531,1,1,1
219,550,1,1,1
219,552,1,1,0
219,557,1,1,1
219,559,1,1,1
219,563,1,1,1
219,565,1,1,1
219,569,1,1,1
219,584,1,1,1
219,595,1,1,1
219,597,1,1,0
219,598,1,1,1
219,601,1,1,1
219,603,1,1,1
219,605,1,1,1
219,620,1,1,1
219,625,1,1,1
219,642,1,1,1
219,657,1,1,1
219,667,1,1,1
219,691,1,1,1
219,698,1,1,1
219,699,1,1,1
219,713,1,1,1
219,714,1,1,1
219,727,1,1,1
219,728,1,1,1
219,729,1,1,1
219,740,1,1,1
219,760,1,1,1
219,763,1,1,1
219,764,1,1,1
219,768,1,1,1
219,770,1,1,1
219,776,1,1,1
219,784,1,1,1
219,785,1,1,0
219,787,1,1,1
219,788,1,1,0
219,791,1,1,0
219,820,1,1,0
219,826,1,1,0
219,828,1,1,0
219,832,1,1,0
219,833,1,1,0
219,834,1,1,0
219,836,1,1,0
219,846,1,1,0
219,851,1,1,0
219,852,1,1,0
219,855,1,1,0
219,856,1,1,0
219,859,1,1,0
220,20,1,0,0
220,162,1,0,0
220,219,1,0,0
220,244,1,0,0
220,245,1,0,0
220,249,1,0,0
220,330,1,0,0
220,331,1,0,0
220,379,1,0,0
220,470,1,0,0
220,472,1,0,0
220,473,1,0,0
220,474,1,0,0
220,475,1,0,0
220,476,1,0,0
220,481,1,0,0
220,525,1,0,0
220,526,1,0,0
220,527,1,0,0
220,530,1,0,0
220,531,1,0,0
220,552,1,0,0
220,557,1,0,0
220,605,1,0,0
220,606,1,0,0
220,607,1,0,0
220,638,1,0,0
220,699,1,0,0
220,716,1,0,0
220,727,1,0,0
220,740,1,0,0
221,219,1,1,1
221,260,1,0,1
221,482,1,0,1
221,484,1,0,1
221,826,1,0,1
222,98,1,0,0
222,188,1,0,0
222,196,1,0,0
222,204,1,0,0
222,223,1,0,0
222,249,1,0,0
222,252,1,0,0
222,255,1,0,0
222,282,1,0,0
222,325,1,0,0
222,379,1,0,0
222,393,1,0,0
222,470,1,0,0
222,473,1,0,0
222,474,1,0,0
222,489,1,0,0
222,494,1,0,0
222,497,1,0,0
222,542,1,0,0
222,587,1,0,0
222,648,1,0,0
222,690,1,0,0
222,691,1,0,0
222,692,1,0,0
222,713,1,0,0
222,727,1,0,0
222,741,1,0,0
222,765,1,0,0
222,778,1,0,0
222,820,1,0,0
222,834,1,0,0
222,836,1,0,0
222,854,1,0,0
222,855,1,0,0
223,89,1,0,0
223,98,1,0,0
223,144,1,0,0
223,188,1,0,0
223,196,1,0,0
223,204,1,0,0
223,222,1,0,0
223,249,1,0,0
223,252,1,0,0
223,282,1,0,0
223,325,1,0,0
223,379,1,0,0
223,470,1,0,0
223,473,1,0,0
223,474,1,0,0
223,497,1,0,0
223,517,1,0,0
223,525,1,0,0
223,587,1,0,0
223,608,1,0,0
223,690,1,0,0
223,691,1,0,0
223,727,1,0,0
223,741,1,0,0
223,778,1,0,0
223,820,1,0,0
223,826,1,0,0
223,827,1,0,0
224,77,1,0,0
224,154,1,0,0
224,194,1,0,0
224,204,1,0,0
224,209,1,0,0
224,254,1,0,0
224,379,1,0,0
224,395,1,0,0
224,491,1,0,0
224,492,1,0,0
224,497,1,0,0
224,525,1,0,0
224,527,1,0,0
224,553,1,0,0
224,587,1,0,0
224,714,1,0,0
224,727,1,0,0
224,739,1,0,0
224,741,1,0,0
224,768,1,0,0
224,836,1,0,0
225,177,0,1,1
225,188,1,1,1
225,196,1,0,1
225,305,1,0,1
225,307,1,0,1
225,310,1,0,1
225,322,1,0,1
225,343,1,0,1
225,480,1,0,1
225,498,1,0,1
225,518,1,0,1
225,527,1,0,1
225,528,1,0,1
225,624,1,0,1
225,718,1,0,1
225,820,1,0,1
225,844,1,0,1
225,852,1,0,1
226,249,1,1,1
227,135,0,1,1
228,219,1,1,1
229,699,0,1,1
230,196,0,1,1
231,699,0,1,1
232,699,0,1,1
233,196,0,1,1
234,196,0,1,1
234,249,1,1,1
234,821,1,0,1
235,196,0,1,1
235,252,1,0,1
235,253,1,0,1
236,174,0,1,1
237,196,0,1,1
237,765,1,0,1
238,557,0,1,1
238,699,1,0,1
239,699,0,1,1
240,196,0,1,1
240,392,1,0,1
240,488,1,0,1
240,762,1,0,1
240,826,1,0,1
240,827,1,0,1
241,249,1,1,1
242,699,0,1,1
243,249,1,1,1
244,25,1,1,1
244,220,1,1,1
244,328,1,0,1
244,343,1,0,1
244,597,1,0,1
245,25,1,1,1
245,220,1,0,1
245,550,1,0,1
245,597,1,0,1
246,196,1,1,1
246,219,0,1,1
247,249,1,1,1
248,4,0,1,1
248,196,0,1,1
248,392,1,0,1
248,486,1,0,1
248,699,1,0,1
248,718,1,0,1
248,826,1,0,1
248,827,1,0,1
248,855,1,0,1
249,10,1,1,0
249,17,1,1,0
249,27,1,1,0
249,30,1,1,0
249,31,1,1,0
249,34,1,1,0
249,45,1,1,0
249,48,1,1,0
249,55,1,1,0
249,69,1,1,0
249,72,1,1,0
249,73,1,1,0
249,77,1,1,0
249,82,1,1,0
249,98,1,1,0
249,140,1,1,0
249,143,1,1,0
249,145,1,1,0
249,151,1,1,0
249,161,1,1,0
249,164,1,1,0
249,173,1,1,0
249,179,1,1,0
249,196,1,1,0
249,202,1,1,0
249,203,1,1,0
249,204,1,1,0
249,212,1,1,0
249,219,1,1,0
249,220,1,1,0
249,222,1,1,1
249,223,1,1,1
249,226,1,1,1
249,234,1,1,1
249,241,1,1,1
249,243,1,1,1
249,247,1,1,0
249,250,1,1,1
249,251,1,1,1
249,255,1,1,0
249,281,1,1,1
249,282,1,1,1
249,301,1,1,0
249,302,1,1,0
249,303,1,1,0
249,305,1,1,0
249,317,1,1,1
249,319,1,1,0
249,320,1,1,0
249,321,1,1,0
249,329,1,1,1
249,338,1,1,0
249,356,1,1,1
249,360,1,1,1
249,379,1,1,0
249,380,1,1,1
249,381,1,1,1
249,391,1,1,1
249,394,1,1,1
249,461,1,1,0
249,470,1,1,1
249,471,1,1,1
249,473,1,1,0
249,474,1,1,0
249,475,1,1,1
249,476,1,1,1
249,478,1,1,1
249,487,1,1,1
249,488,1,1,1
249,489,1,1,0
249,494,1,1,1
249,495,1,1,0
249,497,1,1,0
249,517,1,1,1
249,528,1,1,1
249,533,1,1,1
249,536,1,1,1
249,537,1,1,1
249,538,1,1,1
249,539,1,1,1
249,540,1,1,1
249,542,1,1,1
249,545,1,1,1
249,550,1,1,1
249,551,1,1,1
249,553,1,1,1
249,554,1,1,1
249,555,1,1,1
249,556,1,1,1
249,560,1,1,1
249,562,1,1,1
249,570,1,1,1
249,574,1,1,1
249,585,1,1,1
249,589,1,1,1
249,594,1,1,1
249,597,1,1,1
249,611,1,1,1
249,612,1,1,0
249,624,1,1,1
249,639,1,1,0
249,659,1,1,1
249,663,1,1,1
249,665,1,1,1
249,709,1,1,1
249,713,1,1,1
249,714,1,1,1
249,715,1,1,1
249,716,1,1,1
249,726,1,1,1
249,727,1,1,1
249,736,1,1,1
249,738,1,1,1
249,741,1,1,1
249,744,1,1,1
249,754,1,1,0
249,762,1,1,0
249,763,1,1,1
249,764,1,1,1
249,765,1,1,1
249,778,1,1,1
249,782,1,1,1
249,792,1,1,0
249,809,1,1,0
249,812,1,1,0
249,814,1,1,0
249,820,1,1,0
249,826,1,1,0
249,827,1,1,0
249,834,1,1,0
249,852,1,1,0
249,854,1,1,0
250,196,0,1,1
250,249,1,1,1
250,379,1,1,1
250,381,1,1,1
250,562,1,0,1
251,25,1,1,1
251,219,1,1,1
251,249,1,1,1
251,282,1,0,1
251,322,1,0,1
251,527,1,0,1
251,550,1,0,1
251,597,1,0,1
251,734,1,0,1
251,787,1,0,1
251,826,1,0,1
251,827,1,0,1
251,852,1,0,1
251,854,1,0,1
252,20,1,0,0
252,96,1,0,0
252,97,1,0,0
252,99,1,0,0
252,144,1,0,0
252,154,1,0,0
252,196,1,0,0
252,204,1,0,0
252,222,1,0,0
252,223,1,0,0
252,235,1,0,0
252,253,1,0,0
252,322,1,0,0
252,360,1,0,0
252,470,1,0,0
252,474,1,0,0
252,550,1,0,0
252,557,1,0,0
252,608,1,0,0
252,625,1,0,0
252,627,1,0,0
252,628,1,0,0
252,654,1,0,0
252,707,1,0,0
252,712,1,0,0
252,713,1,0,0
252,714,1,0,0
252,741,1,0,0
252,762,1,0,0
252,765,1,0,0
252,846,1,0,0
252,847,1,0,0
252,851,1,0,0
253,20,1,0,0
253,52,1,0,0
253,93,1,0,0
253,97,1,0,0
253,99,1,0,0
253,144,1,0,0
253,154,1,0,0
253,204,1,0,0
253,235,1,0,0
253,252,1,0,0
253,328,1,0,0
253,329,1,0,0
253,354,1,0,0
253,470,1,0,0
253,474,1,0,0
253,475,1,0,0
253,635,1,0,0
253,692,1,0,0
253,707,1,0,0
253,712,1,0,0
253,713,1,0,0
253,714,1,0,0
253,762,1,0,0
253,765,1,0,0
253,768,1,0,0
253,820,1,0,0
253,835,1,0,0
253,847,1,0,0
253,851,1,0,0
254,219,1,1,1
254,224,1,0,1
254,255,1,0,1
255,17,1,0,0
255,81,1,0,0
255,82,1,0,0
255,83,1,0,0
255,209,1,0,0
255,222,1,0,0
255,249,1,0,0
255,254,1,0,0
255,282,1,0,0
255,349,1,0,0
255,355,1,0,0
255,357,1,0,0
255,360,1,0,0
255,368,1,0,0
255,374,1,0,0
255,379,1,0,0
255,391,1,0,0
255,538,1,0,0
255,597,1,0,0
255,690,1,0,0
255,713,1,0,0
255,762,1,0,0
255,763,1,0,0
255,764,1,0,0
255,765,1,0,0
255,809,1,0,0
256,33,0,1,1
256,573,1,0,1
257,573,0,1,1
258,154,0,1,1
258,209,1,0,1
258,760,1,0,1
258,763,1,0,1
258,764,1,0,1
259,209,0,1,1
259,573,0,1,1
260,144,1,0,0
260,199,1,0,0
260,204,1,0,0
260,209,1,0,0
260,221,1,0,0
260,305,1,0,0
260,391,1,0,0
260,395,1,0,0
260,482,1,0,0
260,542,1,0,0
260,550,1,0,0
260,565,1,0,0
260,587,1,0,0
260,625,1,0,0
260,784,1,0,0
260,852,1,0,0
260,854,1,0,0
261,500,0,1,1
262,500,0,1,1
263,500,0,1,1
264,500,0,1,1
265,500,0,1,1
266,500,0,1,1
267,500,0,1,1
268,500,0,1,1
269,500,0,1,1
270,500,0,1,1
271,500,0,1,1
272,500,0,1,1
273,500,0,1,1
274,500,0,1,1
275,500,0,1,1
276,500,0,1,1
277,500,0,1,1
278,500,0,1,1
279,500,0,1,1
280,219,1,1,1
280,855,1,0,1
281,249,1,1,1
281,282,1,0,1
281,283,1,0,1
281,302,1,0,1
281,307,1,0,1
281,516,1,0,1
281,549,1,0,1
281,690,1,0,1
282,31,1,0,0
282,77,1,0,0
282,174,1,0,0
282,204,1,0,0
282,219,1,0,0
282,222,1,0,0
282,223,1,0,0
282,249,1,0,0
282,251,1,0,0
282,255,1,0,0
282,281,1,0,0
282,283,1,0,0
282,303,1,0,0
282,305,1,0,0
282,317,1,0,0
282,330,1,0,0
282,379,1,0,0
282,473,1,0,0
282,500,1,0,0
282,516,1,0,0
282,525,1,0,0
282,527,1,0,0
282,541,1,0,0
282,549,1,0,0
282,550,1,0,0
282,569,1,0,0
282,597,1,0,0
282,690,1,0,0
282,713,1,0,0
282,714,1,0,0
282,762,1,0,0
282,765,1,0,0
282,778,1,0,0
282,780,1,0,0
282,787,1,0,0
282,788,1,0,0
282,789,1,0,0
282,805,1,0,0
282,852,1,0,0
283,10,1,0,0
283,31,1,0,0
283,192,1,0,0
283,209,1,0,0
283,281,1,0,0
283,282,1,0,0
283,314,1,0,0
283,321,1,0,0
283,483,1,0,0
283,537,1,0,0
283,538,1,0,0
283,539,1,0,0
283,549,1,0,0
283,554,1,0,0
283,714,1,0,0
283,741,1,0,0
283,844,1,0,0
284,500,0,1,1
285,500,0,1,1
286,196,0,1,1
287,143,0,1,1
287,196,1,1,1
287,343,1,0,1
287,587,1,0,1
288,343,1,1,1
289,343,1,1,1
290,196,0,1,1
291,573,0,1,1
292,77,1,0,0
292,293,1,0,0
292,305,1,0,0
292,306,1,0,0
292,379,1,0,0
292,518,1,0,0
292,627,1,0,0
292,628,1,0,0
292,847,1,0,0
292,857,1,0,0
293,20,1,0,0
293,292,1,0,0
293,379,1,0,0
293,518,1,0,0
293,627,1,0,0
293,628,1,0,0
294,174,0,1,1
295,343,1,1,1
296,4,0,1,1
296,143,0,1,1
296,209,1,0,1
296,573,1,0,1
297,209,0,1,1
298,219,1,1,1
298,527,1,0,1
298,787,1,0,1
299,343,1,1,1
300,573,0,1,1
301,249,1,1,1
302,202,1,0,0
302,249,1,0,0
302,281,1,0,0
302,305,1,0,0
302,306,1,0,0
302,382,1,0,0
302,384,1,0,0
302,474,1,0,0
302,517,1,0,0
302,602,1,0,0
302,712,1,0,0
302,740,1,0,0
302,772,1,0,0
302,834,1,0,0
302,852,1,0,0
303,177,1,1,1
303,198,1,0,1
303,249,1,0,1
303,282,1,0,1
303,307,1,0,1
303,381,1,1,1
303,383,1,0,1
303,458,1,0,1
303,486,1,0,1
303,498,1,0,1
303,528,1,0,1
303,707,1,0,1
303,782,1,0,1
304,209,0,1,1
304,497,0,1,1
305,31,1,0,0
305,52,1,0,0
305,110,1,0,0
305,111,1,0,0
305,135,1,0,0
305,144,1,0,0
305,152,1,0,0
305,177,1,0,0
305,188,1,0,0
305,189,1,0,0
305,196,1,0,0
305,198,1,0,0
305,202,1,0,0
305,204,1,0,0
305,219,1,0,0
305,225,1,0,0
305,249,1,0,0
305,260,1,0,0
305,282,1,0,0
305,292,1,0,0
305,302,1,0,0
305,306,1,0,0
305,307,1,0,0
305,308,1,0,0
305,310,1,0,0
305,311,1,0,0
305,379,1,0,0
305,382,1,0,0
305,393,1,0,0
305,458,1,0,0
305,469,1,0,0
305,480,1,0,0
305,484,1,0,0
305,486,1,0,0
305,497,1,0,0
305,498,1,0,0
305,499,1,0,0
305,530,1,0,0
305,531,1,0,0
305,543,1,0,0
305,550,1,0,0
305,624,1,0,0
305,659,1,0,0
305,660,1,0,0
305,661,1,0,0
305,662,1,0,0
305,664,1,0,0
305,690,1,0,0
305,707,1,0,0
305,714,1,0,0
305,715,1,0,0
305,716,1,0,0
305,718,1,0,0
305,727,1,0,0
305,729,1,0,0
305,772,1,0,0
305,781,1,0,0
305,782,1,0,0
305,796,1,0,0
305,820,1,0,0
305,852,1,0,0
305,854,1,0,0
306,31,0,1,1
306,152,1,0,1
306,177,1,0,1
306,189,1,0,1
306,196,1,0,1
306,198,1,0,1
306,204,1,0,1
306,292,1,0,1
306,302,1,0,1
306,305,1,0,1
306,308,1,0,1
306,310,1,0,1
306,311,1,0,1
306,321,1,0,1
306,469,1,0,1
306,480,1,0,1
306,484,1,0,1
306,498,1,0,1
306,530,1,0,1
306,542,1,0,1
306,659,1,0,1
306,665,1,0,1
306,690,1,0,1
306,707,1,0,1
306,718,1,0,1
306,727,1,0,1
306,729,1,0,1
306,782,1,0,1
306,796,1,0,1
306,852,1,0,1
306,854,1,0,1
307,25,1,0,0
307,31,1,0,0
307,110,1,0,0
307,144,1,0,0
307,193,1,0,0
307,196,1,0,0
307,204,1,0,0
307,225,1,0,0
307,281,1,0,0
307,303,1,0,0
307,305,1,0,0
307,308,1,0,0
307,309,1,0,0
307,310,1,0,0
307,311,1,0,0
307,317,1,0,0
307,379,1,0,0
307,382,1,0,0
307,394,1,0,0
307,480,1,0,0
307,483,1,0,0
307,498,1,0,0
307,517,1,0,0
307,528,1,0,0
307,530,1,0,0
307,531,1,0,0
307,542,1,0,0
307,543,1,0,0
307,569,1,0,0
307,624,1,0,0
307,659,1,0,0
307,660,1,0,0
307,661,1,0,0
307,664,1,0,0
307,665,1,0,0
307,718,1,0,0
307,762,1,0,0
307,772,1,0,0
307,820,1,0,0
307,852,1,0,0
308,77,1,0,0
308,144,1,0,0
308,204,1,0,0
308,219,1,0,0
308,305,1,0,0
308,306,1,0,0
308,307,1,0,0
308,309,1,0,0
308,310,1,0,0
308,311,1,0,0
308,379,1,0,0
308,469,1,0,0
308,482,1,0,0
308,483,1,0,0
308,484,1,0,0
308,530,1,0,0
308,531,1,0,0
308,553,1,0,0
308,660,1,0,0
308,692,1,0,0
308,707,1,0,0
308,741,1,0,0
308,771,1,0,0
308,830,1,0,0
308,847,1,0,0
309,31,0,1,1
309,196,1,0,1
309,307,1,0,1
309,308,1,0,1
309,310,1,0,1
309,311,1,0,1
309,482,1,0,1
309,483,1,0,1
309,484,1,0,1
309,498,1,0,1
309,530,1,0,1
309,718,1,0,1
310,25,1,0,0
310,27,1,0,0
310,31,1,0,0
310,110,1,0,0
310,111,1,0,0
310,144,1,0,0
310,193,1,0,0
310,196,1,0,0
310,204,1,0,0
310,219,1,0,0
310,225,1,0,0
310,305,1,0,0
310,306,1,0,0
310,307,1,0,0
310,308,1,0,0
310,309,1,0,0
310,311,1,0,0
310,316,1,0,0
310,379,1,0,0
310,382,1,0,0
310,469,1,0,0
310,482,1,0,0
310,498,1,0,0
310,499,1,0,0
310,530,1,0,0
310,531,1,0,0
310,553,1,0,0
310,558,1,0,0
310,660,1,0,0
310,661,1,0,0
310,664,1,0,0
310,666,1,0,0
310,717,1,0,0
310,718,1,0,0
310,771,1,0,0
310,772,1,0,0
310,820,1,0,0
310,830,1,0,0
311,111,1,0,0
311,144,1,0,0
311,204,1,0,0
311,219,1,0,0
311,305,1,0,0
311,306,1,0,0
311,307,1,0,0
311,308,1,0,0
311,309,1,0,0
311,310,1,0,0
311,469,1,0,0
311,482,1,0,0
311,483,1,0,0
311,484,1,0,0
311,530,1,0,0
311,531,1,0,0
311,553,1,0,0
311,660,1,0,0
311,661,1,0,0
311,771,1,0,0
311,859,1,0,0
312,343,1,1,1
312,469,1,0,1
312,516,1,0,1
312,586,1,0,1
312,691,1,0,1
313,343,1,1,1
313,469,1,0,1
314,27,1,1,1
314,283,1,0,1
314,343,1,0,1
314,469,1,0,1
314,691,1,0,1
315,699,0,1,1
316,20,1,0,0
316,27,1,0,0
316,29,1,0,0
316,96,1,0,0
316,143,1,0,0
316,144,1,0,0
316,192,1,0,0
316,195,1,0,0
316,196,1,0,0
316,204,1,0,0
316,205,1,0,0
316,310,1,0,0
316,330,1,0,0
316,379,1,0,0
316,393,1,0,0
316,474,1,0,0
316,479,1,0,0
316,500,1,0,0
316,525,1,0,0
316,552,1,0,0
316,553,1,0,0
316,641,1,0,0
316,699,1,0,0
316,713,1,0,0
316,727,1,0,0
316,762,1,0,0
316,820,1,0,0
316,836,1,0,0
316,846,1,0,0
317,25,1,1,1
317,177,1,0,1
317,198,1,0,1
317,249,1,0,1
317,282,1,0,1
317,307,1,0,1
317,381,1,1,1
317,383,1,0,1
317,458,1,0,1
317,486,1,0,1
317,498,1,0,1
317,528,1,0,1
317,707,1,0,1
317,782,1,0,1
317,849,1,0,1
317,852,1,0,1
318,343,1,1,1
318,597,1,1,1
318,729,1,0,1
319,204,1,0,0
319,212,1,0,0
319,249,1,0,0
320,143,1,1,1
320,249,1,0,1
320,379,1,1,1
321,249,1,0,0
321,283,1,0,0
321,306,1,0,0
321,330,1,0,0
321,521,1,0,0
321,579,1,0,0
321,714,1,0,0
321,717,1,0,0
321,741,1,0,0
321,743,1,0,0
322,80,1,0,0
322,225,1,0,0
322,251,1,0,0
322,252,1,0,0
322,597,1,0,0
322,622,1,0,0
322,724,1,0,0
322,820,1,0,0
322,826,1,0,0
322,852,1,0,0
323,174,0,1,1
323,497,0,1,1
324,196,0,1,1
325,25,0,1,1
325,209,0,1,1
325,222,1,0,1
325,223,1,0,1
325,393,1,0,1
325,478,1,0,1
325,518,1,0,1
325,536,1,0,1
325,573,1,0,1
326,699,0,1,1
327,196,0,1,1
328,144,1,0,0
328,204,1,0,0
328,244,1,0,0
328,253,1,0,0
328,329,1,0,0
328,330,1,0,0
328,331,1,0,0
328,332,1,0,0
328,333,1,0,0
328,334,1,0,0
328,335,1,0,0
328,336,1,0,0
328,337,1,0,0
328,379,1,0,0
328,470,1,0,0
328,474,1,0,0
328,475,1,0,0
328,638,1,0,0
328,699,1,0,0
328,707,1,0,0
328,771,1,0,0
329,85,1,0,0
329,99,1,0,0
329,219,1,0,0
329,249,1,0,0
329,253,1,0,0
329,328,1,0,0
329,330,1,0,0
329,331,1,0,0
329,332,1,0,0
329,333,1,0,0
329,334,1,0,0
329,335,1,0,0
329,336,1,0,0
329,338,1,0,0
329,379,1,0,0
329,707,1,0,0
329,767,1,0,0
329,771,1,0,0
329,830,1,0,0
330,17,0,1,1
330,25,1,1,1
330,27,1,1,1
330,209,1,0,1
330,219,1,0,1
330,220,1,0,1
330,282,1,0,1
330,316,1,0,1
330,321,1,0,1
330,328,1,0,1
330,329,1,0,1
330,365,1,0,1
330,597,1,0,1
330,623,1,0,1
330,762,1,0,1
330,820,1,0,1
331,17,1,1,1
331,25,1,1,1
331,219,1,0,1
331,220,1,0,1
331,328,1,0,1
331,329,1,0,1
331,597,1,0,1
332,25,1,1,1
332,328,1,0,1
332,329,1,0,1
332,597,1,0,1
332,707,1,0,1
333,328,1,1,1
333,329,1,0,1
333,597,1,0,1
334,328,1,1,1
334,329,1,0,1
334,597,1,0,1
335,328,1,1,1
335,329,1,0,1
335,597,1,0,1
336,328,1,1,1
336,329,1,0,1
336,597,1,0,1
336,707,1,0,1
336,850,1,0,1
337,219,1,1,1
337,328,1,0,1
338,249,1,1,1
338,329,1,0,1
339,219,1,1,1
340,196,0,1,1
341,343,1,1,1
341,541,1,0,1
341,659,1,0,1
341,781,1,0,1
342,196,0,1,1
342,343,1,1,1
343,2,1,1,1
343,49,1,1,1
343,50,1,1,1
343,53,1,1,1
343,55,1,1,1
343,60,1,1,1
343,86,1,1,1
343,99,1,1,0
343,217,1,1,1
343,219,1,1,1
343,225,1,1,0
343,244,1,1,1
343,287,1,1,0
343,288,1,1,1
343,289,1,1,1
343,295,1,1,1
343,299,1,1,1
343,312,1,1,1
343,313,1,1,1
343,314,1,1,1
343,318,1,1,1
343,341,1,1,1
343,342,1,1,1
343,493,1,1,1
343,519,1,1,1
343,520,1,1,1
343,521,1,1,1
343,522,1,1,1
343,524,1,1,1
343,534,1,1,1
343,535,1,1,0
343,548,1,1,1
343,550,1,1,1
343,553,1,1,1
343,580,1,1,1
343,581,1,1,1
343,622,1,1,1
343,635,1,1,1
343,720,1,1,1
343,722,1,1,1
343,724,1,1,1
343,725,1,1,1
343,743,1,1,1
343,780,1,1,0
343,781,1,1,1
343,782,1,1,1
343,820,1,1,1
343,824,1,1,1
343,843,1,1,0
343,852,1,1,1
343,853,1,1,0
344,497,0,1,1
345,196,0,1,1
345,365,1,0,1
346,196,0,1,1
346,365,1,0,1
346,760,1,0,1
347,196,0,1,1
347,365,1,0,1
348,196,0,1,1
348,365,1,0,1
349,196,0,1,1
349,255,1,0,1
349,365,1,0,1
349,665,1,0,1
349,690,1,0,1
349,760,1,0,1
350,33,1,1,1
350,219,0,1,1
350,394,0,1,1
350,573,1,0,1
350,699,1,0,1
350,844,1,0,1
350,855,1,0,1
351,219,1,1,1
351,394,1,0,1
351,844,1,0,1
352,196,0,1,1
352,699,0,1,1
352,844,1,0,1
353,396,1,1,1
353,597,1,0,1
354,20,1,0,0
354,253,1,0,0
354,497,1,0,0
354,542,1,0,0
354,543,1,0,0
354,665,1,0,0
354,809,1,0,0
354,810,1,0,0
355,17,1,1,1
355,255,1,0,1
355,541,1,0,1
355,597,1,0,1
355,762,1,0,1
355,765,1,0,1
355,796,1,0,1
356,249,1,1,1
356,542,1,0,1
357,145,0,1,1
357,196,1,0,1
357,255,1,0,1
357,379,1,1,1
357,523,1,0,1
357,665,1,0,1
357,690,1,0,1
357,760,1,0,1
357,763,1,0,1
357,764,1,0,1
358,196,0,1,1
358,201,1,0,1
358,541,1,0,1
358,763,1,0,1
358,764,1,0,1
359,196,0,1,1
359,199,1,0,1
359,541,1,0,1
359,690,1,0,1
359,763,1,0,1
359,764,1,0,1
360,17,0,1,1
360,196,0,1,1
360,198,1,1,1
360,209,1,0,1
360,249,1,0,1
360,252,1,0,1
360,255,1,0,1
360,379,1,1,1
360,394,1,0,1
360,486,1,0,1
360,488,1,0,1
360,542,1,0,1
360,601,1,0,1
360,603,1,0,1
360,665,1,0,1
360,760,1,0,1
360,762,1,0,1
360,765,1,0,1
360,846,1,0,1
361,52,1,0,0
361,663,1,0,0
362,196,0,1,1
363,52,0,1,1
363,603,1,0,1
364,135,0,1,1
365,40,1,0,0
365,114,1,0,0
365,144,1,0,0
365,196,1,0,0
365,330,1,0,0
365,345,1,0,0
365,346,1,0,0
365,347,1,0,0
365,348,1,0,0
365,349,1,0,0
365,366,1,0,0
365,370,1,0,0
365,373,1,0,0
365,379,1,0,0
365,497,1,0,0
365,515,1,0,0
365,577,1,0,0
365,665,1,0,0
365,687,1,0,0
365,716,1,0,0
365,728,1,0,0
365,760,1,0,0
365,761,1,0,0
366,114,0,1,1
366,196,1,0,1
366,365,1,0,1
366,665,1,0,1
367,31,0,1,1
367,114,1,0,1
367,196,1,0,1
367,204,1,0,1
367,379,1,1,1
367,665,1,0,1
368,114,0,1,1
368,196,1,0,1
368,255,1,0,1
368,762,1,0,1
368,765,1,0,1
368,846,1,0,1
369,114,0,1,1
369,196,1,0,1
369,665,1,0,1
370,31,0,1,1
370,114,1,0,1
370,196,1,0,1
370,365,1,0,1
371,114,0,1,1
371,196,1,0,1
372,597,1,1,1
373,196,0,1,1
373,365,1,0,1
373,760,1,0,1
374,255,0,1,1
374,497,1,0,1
374,765,1,0,1
375,699,0,1,1
376,497,0,1,1
377,699,0,1,1
378,209,0,1,1
378,542,1,0,1
378,543,1,0,1
378,760,1,0,1
378,762,1,0,1
378,763,1,0,1
378,764,1,0,1
378,765,1,0,1
379,27,1,1,0
379,31,1,1,1
379,32,1,1,0
379,34,1,1,1
379,45,1,1,0
379,73,1,1,0
379,77,1,1,1
379,96,1,1,1
379,98,1,1,1
379,99,1,1,1
379,143,1,1,1
379,144,1,1,1
379,145,1,1,0
379,154,1,1,0
379,161,1,1,1
379,196,1,1,1
379,200,1,1,1
379,202,1,1,1
379,203,1,1,1
379,204,1,1,1
379,219,1,1,1
379,220,1,1,0
379,222,1,1,1
379,223,1,1,0
379,224,1,1,1
379,249,1,1,1
379,250,1,1,0
379,255,1,1,0
379,282,1,1,1
379,305,1,1,0
379,307,1,1,1
379,310,1,1,0
379,316,1,1,0
379,320,1,1,0
379,329,1,1,0
379,357,1,1,0
379,360,1,1,1
379,365,1,1,0
379,367,1,1,1
379,380,1,1,1
379,381,1,1,1
379,393,1,1,1
379,394,1,1,0
379,470,1,1,0
379,471,1,1,0
379,472,1,1,0
379,473,1,1,0
379,474,1,1,0
379,475,1,1,0
379,476,1,1,0
379,478,1,1,0
379,482,1,1,0
379,483,1,1,0
379,484,1,1,0
379,497,1,1,0
379,498,1,1,0
379,517,1,1,0
379,528,1,1,0
379,538,1,1,0
379,543,1,1,0
379,560,1,1,0
379,562,1,1,0
379,597,1,1,0
379,610,1,1,0
379,623,1,1,0
379,624,1,1,0
379,659,1,1,0
379,665,1,1,0
379,713,1,1,0
379,714,1,1,0
379,716,1,1,0
379,718,1,1,0
379,727,1,1,0
379,782,1,1,0
379,796,1,1,0
379,809,1,1,0
379,820,1,1,0
379,836,1,1,0
379,852,1,1,0
380,30,1,1,0
380,31,1,1,0
380,34,1,1,0
380,196,1,1,0
380,199,1,1,0
380,219,1,1,0
380,249,1,1,0
380,379,1,1,0
380,381,1,1,0
380,727,1,1,0
380,765,1,1,0
381,31,1,1,1
381,32,1,1,0
381,34,1,1,0
381,45,1,1,1
381,93,1,1,1
381,204,1,1,0
381,209,1,1,0
381,219,1,1,1
381,249,1,1,1
381,250,1,1,0
381,303,1,1,0
381,317,1,1,0
381,379,1,1,0
381,380,1,1,1
381,471,1,1,1
381,475,1,1,1
381,476,1,1,1
381,486,1,1,0
381,517,1,1,0
381,527,1,1,0
381,610,1,1,0
381,727,1,1,0
382,25,0,1,1
382,152,1,1,1
382,196,1,0,1
382,219,1,0,1
382,302,1,0,1
382,305,1,0,1
382,307,1,0,1
382,310,1,0,1
382,383,1,0,1
382,498,1,0,1
382,517,1,0,1
382,718,1,0,1
382,820,1,0,1
382,849,1,0,1
382,855,1,0,1
383,219,1,0,0
383,303,1,0,0
383,317,1,0,0
383,382,1,0,0
383,527,1,0,0
383,563,1,0,0
383,604,1,0,0
383,771,1,0,0
383,830,1,0,0
383,859,1,0,0
384,219,1,1,1
384,302,1,0,1
385,573,0,1,1
386,52,0,1,1
387,52,0,1,1
388,52,0,1,1
389,52,0,1,1
390,52,0,1,1
391,28,1,0,0
391,32,1,0,0
391,195,1,0,0
391,249,1,0,0
391,255,1,0,0
391,260,1,0,0
391,458,1,0,0
391,691,1,0,0
391,699,1,0,0
391,712,1,0,0
391,713,1,0,0
391,715,1,0,0
391,727,1,0,0
391,792,1,0,0
391,820,1,0,0
392,20,1,0,0
392,52,1,0,0
392,77,1,0,0
392,83,1,0,0
392,89,1,0,0
392,96,1,0,0
392,99,1,0,0
392,152,1,0,0
392,154,1,0,0
392,201,1,0,0
392,204,1,0,0
392,205,1,0,0
392,240,1,0,0
392,248,1,0,0
392,394,1,0,0
392,411,1,0,0
392,517,1,0,0
392,518,1,0,0
392,540,1,0,0
392,553,1,0,0
392,624,1,0,0
392,712,1,0,0
392,713,1,0,0
392,714,1,0,0
392,716,1,0,0
392,724,1,0,0
392,736,1,0,0
392,781,1,0,0
392,782,1,0,0
392,784,1,0,0
392,820,1,0,0
392,826,1,0,0
392,836,1,0,0
393,52,1,0,0
393,77,1,0,0
393,89,1,0,0
393,98,1,0,0
393,99,1,0,0
393,144,1,0,0
393,154,1,0,0
393,194,1,0,0
393,196,1,0,0
393,204,1,0,0
393,219,1,0,0
393,222,1,0,0
393,305,1,0,0
393,316,1,0,0
393,325,1,0,0
393,379,1,0,0
393,401,1,0,0
393,497,1,0,0
393,517,1,0,0
393,542,1,0,0
393,623,1,0,0
393,624,1,0,0
393,657,1,0,0
393,691,1,0,0
393,699,1,0,0
393,713,1,0,0
393,714,1,0,0
393,724,1,0,0
393,725,1,0,0
393,762,1,0,0
393,820,1,0,0
393,845,1,0,0
394,32,1,0,0
394,57,1,0,0
394,73,1,0,0
394,77,1,0,0
394,96,1,0,0
394,161,1,0,0
394,179,1,0,0
394,188,1,0,0
394,249,1,0,0
394,307,1,0,0
394,350,1,0,0
394,351,1,0,0
394,360,1,0,0
394,379,1,0,0
394,392,1,0,0
394,492,1,0,0
394,497,1,0,0
394,517,1,0,0
394,543,1,0,0
394,557,1,0,0
394,608,1,0,0
394,624,1,0,0
394,665,1,0,0
394,690,1,0,0
394,727,1,0,0
394,745,1,0,0
394,820,1,0,0
395,89,1,0,0
395,144,1,0,0
395,152,1,0,0
395,203,1,0,0
395,204,1,0,0
395,224,1,0,0
395,260,1,0,0
395,470,1,0,0
395,497,1,0,0
395,548,1,0,0
395,586,1,0,0
395,640,1,0,0
395,826,1,0,0
395,847,1,0,0
396,219,1,0,0
396,353,1,0,0
396,497,1,0,0
396,553,1,0,0
396,597,1,0,0
396,630,1,0,0
396,727,1,0,0
396,803,1,0,0
397,25,0,1,1
397,196,1,0,1
397,550,1,0,1
397,734,1,0,1
398,597,1,1,1
399,699,0,1,1
400,52,0,1,1
401,209,0,1,1
401,393,0,1,1
401,478,1,0,1
401,536,1,0,1
401,573,1,0,1
401,692,1,0,1
402,411,0,1,1
402,433,0,1,1
403,411,0,1,1
403,433,0,1,1
404,411,0,1,1
404,433,0,1,1
405,411,0,1,1
405,433,0,1,1
406,411,1,1,0
406,433,1,1,0
407,411,0,1,1
407,433,0,1,1
408,411,0,1,1
408,433,0,1,1
409,411,0,1,1
409,433,0,1,1
410,135,0,1,1
410,411,0,1,1
410,433,0,1,1
410,550,1,0,1
411,135,1,1,0
411,206,1,1,0
411,219,1,1,0
411,392,0,1,1
411,402,0,1,1
411,403,0,1,1
411,404,0,1,1
411,405,0,1,1
411,406,0,1,1
411,407,0,1,1
411,408,0,1,1
411,409,0,1,1
411,410,0,1,1
411,412,0,1,1
411,413,0,1,1
411,414,0,1,1
411,415,0,1,1
411,417,0,1,1
411,419,0,1,1
411,420,0,1,1
411,422,0,1,1
411,423,0,1,1
411,425,0,1,1
411,427,0,1,1
411,428,0,1,1
411,429,0,1,1
411,431,0,1,1
411,432,0,1,1
411,433,1,1,0
411,434,1,1,0
411,435,0,1,1
411,436,0,1,1
411,437,0,1,1
411,438,0,1,1
411,439,0,1,1
411,440,0,1,1
411,441,0,1,1
411,442,0,1,1
411,443,0,1,1
411,444,0,1,1
411,445,0,1,1
411,446,0,1,1
411,447,0,1,1
411,448,0,1,1
411,449,0,1,1
411,450,0,1,1
411,451,0,1,1
411,452,0,1,1
411,453,0,1,1
411,454,0,1,1
411,455,0,1,1
411,472,0,1,1
411,473,0,1,1
411,727,1,1,0
412,411,0,1,1
412,433,0,1,1
413,411,0,1,1
413,433,0,1,1
414,411,0,1,1
414,433,0,1,1
415,411,0,1,1
415,433,0,1,1
416,433,0,1,1
417,411,0,1,1
417,433,0,1,1
418,433,0,1,1
419,411,0,1,1
419,433,0,1,1
420,411,0,1,1
420,433,0,1,1
421,433,0,1,1
422,411,0,1,1
422,433,0,1,1
423,411,0,1,1
423,433,0,1,1
424,433,0,1,1
425,411,0,1,1
425,433,0,1,1
426,433,0,1,1
427,411,0,1,1
427,433,0,1,1
428,411,0,1,1
428,433,0,1,1
429,411,0,1,1
429,433,0,1,1
430,433,0,1,1
431,411,0,1,1
431,433,0,1,1
432,411,0,1,1
432,433,0,1,1
433,55,1,1,0
433,402,1,1,0
433,403,1,1,0
433,404,0,1,1
433,405,0,1,1
433,406,0,1,1
433,407,0,1,1
433,408,0,1,1
433,409,0,1,1
433,410,0,1,1
433,411,0,1,1
433,412,0,1,1
433,413,0,1,1
433,414,0,1,1
433,415,0,1,1
433,416,0,1,1
433,417,0,1,1
433,418,0,1,1
433,419,0,1,1
433,420,0,1,1
433,421,0,1,1
433,422,0,1,1
433,423,0,1,1
433,424,0,1,1
433,425,0,1,1
433,426,1,1,0
433,427,0,1,1
433,428,0,1,1
433,429,0,1,1
433,430,0,1,1
433,431,0,1,1
433,432,0,1,1
433,434,0,1,1
433,435,0,1,1
433,436,0,1,1
433,437,0,1,1
433,438,0,1,1
433,439,0,1,1
433,441,0,1,1
433,442,0,1,1
433,443,0,1,1
433,444,0,1,1
433,445,0,1,1
433,446,0,1,1
433,447,0,1,1
433,448,0,1,1
433,449,0,1,1
433,450,0,1,1
433,452,0,1,1
433,454,0,1,1
433,455,1,1,0
433,550,0,1,1
433,727,0,1,1
433,785,1,1,0
433,844,1,1,0
434,411,0,1,1
434,433,0,1,1
435,411,0,1,1
435,433,0,1,1
436,411,0,1,1
436,433,0,1,1
437,411,0,1,1
437,433,0,1,1
437,844,1,0,1
438,411,0,1,1
438,433,0,1,1
439,411,0,1,1
439,433,0,1,1
440,411,0,1,1
441,411,0,1,1
441,433,0,1,1
442,411,0,1,1
442,433,0,1,1
443,411,0,1,1
443,433,0,1,1
444,411,0,1,1
444,433,0,1,1
445,411,0,1,1
445,433,0,1,1
446,411,0,1,1
446,433,0,1,1
447,135,0,1,1
447,411,0,1,1
447,433,0,1,1
447,550,1,0,1
448,411,0,1,1
448,433,0,1,1
449,411,0,1,1
449,433,0,1,1
450,411,0,1,1
450,433,0,1,1
451,411,0,1,1
452,411,0,1,1
452,433,0,1,1
453,411,0,1,1
454,411,0,1,1
454,433,0,1,1
455,411,0,1,1
455,433,0,1,1
456,196,0,1,1
457,196,0,1,1
458,24,1,0,0
458,52,1,0,0
458,77,1,0,0
458,144,1,0,0
458,152,1,0,0
458,154,1,0,0
458,203,1,0,0
458,204,1,0,0
458,219,1,0,0
458,303,1,0,0
458,305,1,0,0
458,317,1,0,0
458,391,1,0,0
458,486,1,0,0
458,488,1,0,0
458,516,1,0,0
458,517,1,0,0
458,691,1,0,0
458,692,1,0,0
458,714,1,0,0
458,716,1,0,0
458,725,1,0,0
458,781,1,0,0
458,782,1,0,0
458,784,1,0,0
458,805,1,0,0
459,196,0,1,1
459,608,1,0,1
460,196,0,1,1
461,249,1,1,1
462,699,0,1,1
463,497,0,1,1
464,196,0,1,1
465,497,0,1,1
466,497,0,1,1
467,135,0,1,1
468,52,0,1,1
469,77,1,0,0
469,143,1,0,0
469,144,1,0,0
469,188,1,0,0
469,196,1,0,0
469,200,1,0,0
469,204,1,0,0
469,305,1,0,0
469,306,1,0,0
469,308,1,0,0
469,310,1,0,0
469,311,1,0,0
469,312,1,0,0
469,313,1,0,0
469,314,1,0,0
469,517,1,0,0
469,530,1,0,0
469,531,1,0,0
469,553,1,0,0
469,692,1,0,0
469,760,1,0,0
470,31,0,1,1
470,34,1,1,1
470,143,1,1,1
470,196,1,1,1
470,202,1,0,1
470,203,1,0,1
470,219,1,0,1
470,220,1,0,1
470,222,1,0,1
470,223,1,0,1
470,249,1,0,1
470,252,1,0,1
470,253,1,0,1
470,328,1,0,1
470,379,1,0,1
470,395,1,1,1
470,488,1,0,1
470,517,1,0,1
470,542,1,0,1
470,543,1,0,1
470,562,1,0,1
470,597,1,0,1
470,623,1,0,1
470,659,1,0,1
470,691,1,0,1
470,713,1,0,1
470,727,1,0,1
470,741,1,0,1
470,760,1,0,1
470,762,1,0,1
470,763,1,0,1
470,764,1,0,1
470,834,1,0,1
471,31,1,1,1
471,202,1,0,1
471,249,1,0,1
471,379,1,1,1
471,381,1,1,1
472,31,0,1,1
472,34,1,0,1
472,143,1,0,1
472,202,1,0,1
472,203,1,0,1
472,220,1,0,1
472,379,1,0,1
472,411,1,1,1
472,482,1,0,1
472,483,1,0,1
472,484,1,0,1
472,488,1,0,1
472,727,1,0,1
472,741,1,0,1
472,781,1,0,1
472,821,1,0,1
472,834,1,0,1
473,25,1,1,1
473,30,0,1,1
473,31,1,0,1
473,34,1,0,1
473,143,1,0,1
473,202,1,0,1
473,203,1,0,1
473,220,1,0,1
473,222,1,0,1
473,223,1,0,1
473,249,1,0,1
473,282,1,0,1
473,379,1,0,1
473,411,1,1,1
473,482,1,0,1
473,483,1,0,1
473,484,1,0,1
473,488,1,0,1
473,527,1,0,1
473,542,1,0,1
473,543,1,0,1
473,727,1,0,1
473,741,1,0,1
473,760,1,0,1
473,781,1,0,1
473,820,1,0,1
473,821,1,0,1
473,834,1,0,1
474,31,0,1,1
474,34,1,1,1
474,143,1,1,1
474,145,1,1,1
474,196,1,0,1
474,202,1,0,1
474,203,1,0,1
474,219,1,0,1
474,220,1,0,1
474,222,1,0,1
474,223,1,0,1
474,249,1,0,1
474,252,1,0,1
474,253,1,0,1
474,302,1,0,1
474,316,1,0,1
474,328,1,0,1
474,379,1,0,1
474,488,1,1,1
474,517,1,0,1
474,542,1,0,1
474,543,1,0,1
474,562,1,0,1
474,597,1,0,1
474,623,1,0,1
474,691,1,0,1
474,713,1,0,1
474,727,1,0,1
474,741,1,0,1
474,760,1,0,1
474,762,1,0,1
474,763,1,0,1
474,764,1,0,1
475,31,0,1,1
475,34,1,1,1
475,201,1,0,1
475,202,1,0,1
475,203,1,0,1
475,209,1,0,1
475,220,1,0,1
475,249,1,0,1
475,253,1,0,1
475,328,1,0,1
475,379,1,1,1
475,381,1,1,1
475,562,1,0,1
475,707,1,0,1
475,713,1,0,1
475,727,1,0,1
475,820,1,0,1
475,846,1,0,1
476,31,1,1,1
476,34,1,0,1
476,202,1,0,1
476,220,1,0,1
476,249,1,0,1
476,379,1,1,1
476,381,1,1,1
477,135,0,1,1
478,20,1,0,0
478,96,1,0,0
478,249,1,0,0
478,325,1,0,0
478,379,1,0,0
478,401,1,0,0
478,489,1,0,0
478,497,1,0,0
478,517,1,0,0
478,836,1,0,0
479,4,1,1,1
479,188,1,0,1
479,201,1,0,1
479,219,1,0,1
479,316,1,0,1
479,518,1,0,1
479,601,1,0,1
479,602,1,0,1
479,659,1,0,1
479,692,1,0,1
479,820,1,0,1
479,821,1,0,1
479,852,1,0,1
480,51,1,0,0
480,143,1,0,0
480,146,1,0,0
480,177,1,0,0
480,204,1,0,0
480,219,1,0,0
480,225,1,0,0
480,305,1,0,0
480,306,1,0,0
480,307,1,0,0
480,530,1,0,0
480,635,1,0,0
480,660,1,0,0
480,661,1,0,0
480,664,1,0,0
480,707,1,0,0
480,716,1,0,0
480,724,1,0,0
480,729,1,0,0
480,850,1,0,0
481,25,1,1,1
481,219,1,1,1
481,220,1,0,1
481,517,1,0,1
481,527,1,0,1
481,528,1,0,1
481,530,1,0,1
481,557,1,0,1
481,562,1,0,1
481,597,1,0,1
481,623,1,0,1
481,624,1,0,1
481,834,1,0,1
481,835,1,0,1
482,4,1,0,0
482,20,1,0,0
482,86,1,0,0
482,90,1,0,0
482,144,1,0,0
482,153,1,0,0
482,154,1,0,0
482,204,1,0,0
482,221,1,0,0
482,260,1,0,0
482,308,1,0,0
482,309,1,0,0
482,310,1,0,0
482,311,1,0,0
482,379,1,0,0
482,472,1,0,0
482,473,1,0,0
482,483,1,0,0
482,484,1,0,0
482,519,1,0,0
482,520,1,0,0
482,521,1,0,0
482,537,1,0,0
482,549,1,0,0
482,562,1,0,0
482,625,1,0,0
482,780,1,0,0
482,781,1,0,0
483,4,1,0,0
483,10,1,0,0
483,20,1,0,0
483,86,1,0,0
483,90,1,0,0
483,144,1,0,0
483,154,1,0,0
483,204,1,0,0
483,283,1,0,0
483,307,1,0,0
483,308,1,0,0
483,309,1,0,0
483,311,1,0,0
483,379,1,0,0
483,472,1,0,0
483,473,1,0,0
483,482,1,0,0
483,484,1,0,0
483,519,1,0,0
483,520,1,0,0
483,521,1,0,0
483,526,1,0,0
483,531,1,0,0
483,537,1,0,0
483,549,1,0,0
483,554,1,0,0
483,560,1,0,0
483,625,1,0,0
483,713,1,0,0
483,714,1,0,0
483,780,1,0,0
483,781,1,0,0
483,827,1,0,0
483,830,1,0,0
484,4,1,0,0
484,20,1,0,0
484,86,1,0,0
484,90,1,0,0
484,144,1,0,0
484,153,1,0,0
484,154,1,0,0
484,202,1,0,0
484,204,1,0,0
484,221,1,0,0
484,305,1,0,0
484,306,1,0,0
484,308,1,0,0
484,309,1,0,0
484,311,1,0,0
484,379,1,0,0
484,472,1,0,0
484,473,1,0,0
484,482,1,0,0
484,483,1,0,0
484,519,1,0,0
484,520,1,0,0
484,521,1,0,0
484,537,1,0,0
484,538,1,0,0
484,562,1,0,0
484,625,1,0,0
484,707,1,0,0
484,780,1,0,0
484,781,1,0,0
484,851,1,0,0
485,209,0,1,1
486,21,1,0,0
486,24,1,0,0
486,89,1,0,0
486,152,1,0,0
486,153,1,0,0
486,154,1,0,0
486,248,1,0,0
486,303,1,0,0
486,305,1,0,0
486,317,1,0,0
486,360,1,0,0
486,381,1,0,0
486,458,1,0,0
486,712,1,0,0
486,713,1,0,0
486,714,1,0,0
486,782,1,0,0
487,249,1,1,1
488,20,1,0,0
488,47,1,0,0
488,143,1,0,0
488,154,1,0,0
488,168,1,0,0
488,204,1,0,0
488,240,1,0,0
488,249,1,0,0
488,360,1,0,0
488,458,1,0,0
488,470,1,0,0
488,472,1,0,0
488,473,1,0,0
488,474,1,0,0
488,564,1,0,0
488,587,1,0,0
488,603,1,0,0
488,722,1,0,0
488,736,1,0,0
488,771,1,0,0
488,830,1,0,0
489,222,1,1,1
489,249,0,1,1
489,478,1,0,1
489,497,1,0,1
490,497,0,1,1
491,219,1,1,1
491,224,1,0,1
491,691,1,0,1
492,196,0,1,1
492,224,1,0,1
492,394,1,0,1
493,343,1,1,1
493,827,1,0,1
493,855,1,0,1
494,222,1,1,1
494,249,0,1,1
494,497,1,0,1
495,249,1,1,1
495,497,0,1,1
496,497,0,1,1
497,0,1,1,0
497,5,1,1,0
497,40,1,1,0
497,64,1,1,0
497,83,1,1,0
497,89,1,1,0
497,113,1,1,0
497,114,1,1,0
497,141,1,1,0
497,150,1,1,0
497,156,1,1,0
497,157,1,1,0
497,158,1,1,0
497,159,1,1,0
497,161,1,1,0
497,192,1,1,0
497,200,1,1,0
497,201,1,1,0
497,204,1,1,0
497,207,1,1,0
497,208,1,1,0
497,222,1,1,0
497,223,1,1,0
497,224,1,1,0
497,249,1,1,0
497,304,1,1,0
497,305,1,1,0
497,323,1,1,0
497,344,1,1,0
497,354,1,1,0
497,365,1,1,0
497,374,0,1,1
497,376,0,1,1
497,379,0,1,1
497,393,0,1,1
497,394,0,1,1
497,395,0,1,1
497,396,0,1,1
497,463,0,1,1
497,465,0,1,1
497,466,0,1,1
497,478,0,1,1
497,489,0,1,1
497,490,0,1,1
497,494,0,1,1
497,495,0,1,1
497,496,0,1,1
497,498,0,1,1
497,542,0,1,1
497,543,0,1,1
497,547,0,1,1
497,579,1,1,0
497,583,0,1,1
497,617,0,1,1
497,623,0,1,1
497,624,0,1,1
497,626,0,1,1
497,632,0,1,1
497,647,0,1,1
497,665,0,1,1
497,692,0,1,1
497,694,0,1,1
497,695,0,1,1
497,696,0,1,1
497,707,0,1,1
497,713,0,1,1
497,718,0,1,1
497,727,0,1,1
497,728,0,1,1
497,734,0,1,1
497,740,0,1,1
497,760,0,1,1
497,762,0,1,1
497,765,0,1,1
497,785,0,1,1
497,797,0,1,1
497,799,0,1,1
497,800,0,1,1
497,801,0,1,1
497,809,0,1,1
497,811,1,1,0
497,836,1,1,0
498,31,1,0,0
498,110,1,0,0
498,111,1,0,0
498,196,1,0,0
498,198,1,0,0
498,219,1,0,0
498,225,1,0,0
498,303,1,0,0
498,305,1,0,0
498,306,1,0,0
498,307,1,0,0
498,309,1,0,0
498,310,1,0,0
498,317,1,0,0
498,379,1,0,0
498,382,1,0,0
498,497,1,0,0
498,499,1,0,0
498,603,1,0,0
498,604,1,0,0
498,624,1,0,0
498,660,1,0,0
498,661,1,0,0
498,664,1,0,0
498,666,1,0,0
498,717,1,0,0
498,718,1,0,0
498,772,1,0,0
498,820,1,0,0
498,830,1,0,0
499,196,0,1,1
499,198,1,0,1
499,305,1,0,1
499,310,1,0,1
499,498,1,0,1
499,718,1,0,1
500,25,1,1,0
500,41,1,1,0
500,42,1,1,0
500,61,1,1,0
500,62,1,1,0
500,138,1,1,0
500,195,1,1,0
500,261,1,1,0
500,262,1,1,0
500,263,0,1,1
500,264,0,1,1
500,265,0,1,1
500,266,0,1,1
500,267,0,1,1
500,268,0,1,1
500,269,0,1,1
500,270,0,1,1
500,271,0,1,1
500,272,0,1,1
500,273,0,1,1
500,274,0,1,1
500,275,0,1,1
500,276,0,1,1
500,277,0,1,1
500,278,0,1,1
500,279,0,1,1
500,282,0,1,1
500,284,0,1,1
500,285,0,1,1
500,316,0,1,1
500,501,0,1,1
500,502,0,1,1
500,503,0,1,1
500,504,0,1,1
500,505,0,1,1
500,506,0,1,1
500,507,0,1,1
500,508,0,1,1
500,509,0,1,1
500,510,0,1,1
500,511,0,1,1
500,512,0,1,1
500,513,0,1,1
500,514,0,1,1
500,601,0,1,1
500,602,0,1,1
500,603,0,1,1
500,604,0,1,1
500,746,0,1,1
500,747,0,1,1
500,748,0,1,1
500,749,0,1,1
500,750,0,1,1
500,751,0,1,1
500,752,0,1,1
500,753,0,1,1
500,762,0,1,1
500,855,0,1,1
501,500,0,1,1
502,500,0,1,1
503,500,0,1,1
504,500,0,1,1
505,500,0,1,1
506,500,0,1,1
507,500,0,1,1
508,500,0,1,1
509,500,0,1,1
510,500,0,1,1
510,734,1,0,1
511,500,0,1,1
511,734,1,0,1
512,500,0,1,1
513,500,0,1,1
514,500,0,1,1
515,196,0,1,1
515,365,1,0,1
515,760,1,0,1
516,77,1,0,0
516,79,1,0,0
516,95,1,0,0
516,99,1,0,0
516,144,1,0,0
516,196,1,0,0
516,204,1,0,0
516,209,1,0,0
516,219,1,0,0
516,281,1,0,0
516,282,1,0,0
516,312,1,0,0
516,458,1,0,0
516,520,1,0,0
516,530,1,0,0
516,603,1,0,0
516,690,1,0,0
516,780,1,0,0
516,820,1,0,0
516,830,1,0,0
517,17,1,0,0
517,20,1,0,0
517,96,1,0,0
517,144,1,0,0
517,152,1,0,0
517,154,1,0,0
517,189,1,0,0
517,200,1,0,0
517,204,1,0,0
517,219,1,0,0
517,223,1,0,0
517,249,1,0,0
517,302,1,0,0
517,307,1,0,0
517,379,1,0,0
517,380,1,0,0
517,381,1,0,0
517,382,1,0,0
517,392,1,0,0
517,393,1,0,0
517,394,1,0,0
517,458,1,0,0
517,469,1,0,0
517,470,1,0,0
517,474,1,0,0
517,478,1,0,0
517,481,1,0,0
517,527,1,0,0
517,550,1,0,0
517,553,1,0,0
517,557,1,0,0
517,597,1,0,0
517,602,1,0,0
517,605,1,0,0
517,665,1,0,0
517,692,1,0,0
517,712,1,0,0
517,713,1,0,0
517,714,1,0,0
517,727,1,0,0
517,730,1,0,0
517,762,1,0,0
517,765,1,0,0
517,782,1,0,0
517,784,1,0,0
517,785,1,0,0
517,787,1,0,0
517,809,1,0,0
517,820,1,0,0
517,821,1,0,0
517,834,1,0,0
517,844,1,0,0
517,855,1,0,0
518,36,1,0,0
518,37,1,0,0
518,52,1,0,0
518,77,1,0,0
518,86,1,0,0
518,225,1,0,0
518,292,1,0,0
518,293,1,0,0
518,325,1,0,0
518,392,1,0,0
518,479,1,0,0
518,572,1,0,0
518,620,1,0,0
518,635,1,0,0
518,692,1,0,0
518,707,1,0,0
518,724,1,0,0
518,762,1,0,0
518,772,1,0,0
518,820,1,0,0
518,836,1,0,0
518,844,1,0,0
519,343,1,1,1
519,482,1,0,1
519,483,1,0,1
519,484,1,0,1
519,781,1,0,1
520,29,1,1,1
520,44,1,0,1
520,343,1,0,1
520,482,1,0,1
520,483,1,0,1
520,484,1,0,1
520,516,1,0,1
520,608,1,0,1
520,707,1,0,1
520,713,1,0,1
520,741,1,0,1
520,781,1,0,1
521,29,1,1,1
521,321,1,0,1
521,343,1,0,1
521,482,1,0,1
521,483,1,0,1
521,484,1,0,1
521,741,1,0,1
521,781,1,0,1
522,343,1,1,1
523,110,1,0,0
523,111,1,0,0
523,196,1,0,0
523,357,1,0,0
523,761,1,0,0
523,765,1,0,0
523,773,1,0,0
523,844,1,0,0
524,343,1,1,1
525,25,1,1,1
525,27,1,1,1
525,204,1,0,1
525,219,1,0,1
525,220,1,0,1
525,223,1,0,1
525,224,1,0,1
525,282,1,0,1
525,316,1,0,1
525,527,1,0,1
525,528,1,0,1
525,530,1,0,1
525,597,1,0,1
525,623,1,0,1
525,624,1,0,1
525,741,1,0,1
525,834,1,0,1
525,835,1,0,1
526,25,1,1,1
526,191,1,0,1
526,204,1,0,1
526,219,1,0,1
526,220,1,0,1
526,483,1,0,1
526,527,1,0,1
526,528,1,0,1
526,530,1,0,1
526,623,1,0,1
526,624,1,0,1
526,834,1,0,1
526,835,1,0,1
527,67,1,0,0
527,98,1,0,0
527,144,1,0,0
527,156,1,0,0
527,204,1,0,0
527,209,1,0,0
527,219,1,0,0
527,220,1,0,0
527,224,1,0,0
527,225,1,0,0
527,251,1,0,0
527,282,1,0,0
527,298,1,0,0
527,381,1,0,0
527,383,1,0,0
527,473,1,0,0
527,481,1,0,0
527,517,1,0,0
527,525,1,0,0
527,526,1,0,0
527,528,1,0,0
527,530,1,0,0
527,531,1,0,0
527,560,1,0,0
527,563,1,0,0
527,597,1,0,0
527,624,1,0,0
527,625,1,0,0
527,657,1,0,0
527,727,1,0,0
527,778,1,0,0
527,788,1,0,0
527,834,1,0,0
527,835,1,0,0
527,852,1,0,0
527,859,1,0,0
528,67,1,0,0
528,144,1,0,0
528,204,1,0,0
528,225,1,0,0
528,249,1,0,0
528,303,1,0,0
528,307,1,0,0
528,317,1,0,0
528,379,1,0,0
528,481,1,0,0
528,525,1,0,0
528,526,1,0,0
528,527,1,0,0
528,530,1,0,0
528,531,1,0,0
528,623,1,0,0
528,657,1,0,0
528,772,1,0,0
528,852,1,0,0
529,219,1,1,1
530,144,1,0,0
530,204,1,0,0
530,219,1,0,0
530,220,1,0,0
530,305,1,0,0
530,306,1,0,0
530,307,1,0,0
530,308,1,0,0
530,309,1,0,0
530,310,1,0,0
530,311,1,0,0
530,469,1,0,0
530,480,1,0,0
530,481,1,0,0
530,516,1,0,0
530,525,1,0,0
530,526,1,0,0
530,527,1,0,0
530,528,1,0,0
530,557,1,0,0
530,559,1,0,0
530,560,1,0,0
530,569,1,0,0
530,597,1,0,0
530,623,1,0,0
530,624,1,0,0
530,657,1,0,0
530,660,1,0,0
530,707,1,0,0
530,714,1,0,0
530,835,1,0,0
530,852,1,0,0
530,854,1,0,0
531,189,1,1,1
531,219,1,1,1
531,220,1,0,1
531,305,1,0,1
531,307,1,0,1
531,308,1,0,1
531,310,1,0,1
531,311,1,0,1
531,469,1,0,1
531,483,1,0,1
531,527,1,0,1
531,528,1,0,1
531,562,1,0,1
531,597,1,0,1
531,623,1,0,1
531,624,1,0,1
531,835,1,0,1
531,854,1,0,1
532,52,0,1,1
533,249,1,1,1
534,343,1,1,1
535,343,1,1,1
536,31,1,0,0
536,55,1,0,0
536,249,1,0,0
536,325,1,0,0
536,401,1,0,0
536,540,1,0,0
536,560,1,0,0
536,564,1,0,0
536,610,1,0,0
536,627,1,0,0
536,658,1,0,0
536,716,1,0,0
537,145,0,1,1
537,196,1,1,1
537,249,1,0,1
537,283,1,0,1
537,482,1,0,1
537,483,1,0,1
537,484,1,0,1
537,562,1,0,1
537,624,1,0,1
537,729,1,0,1
537,741,1,0,1
538,145,0,1,1
538,196,1,1,1
538,249,1,0,1
538,255,1,0,1
538,283,1,0,1
538,379,1,1,1
538,484,1,0,1
538,549,1,0,1
538,690,1,0,1
538,741,1,0,1
539,145,0,1,1
539,196,1,1,1
539,249,1,0,1
539,283,1,0,1
539,741,1,0,1
540,14,1,0,0
540,51,1,0,0
540,55,1,0,0
540,191,1,0,0
540,249,1,0,0
540,379,1,0,0
540,392,1,0,0
540,536,1,0,0
540,546,1,0,0
540,691,1,0,0
540,713,1,0,0
541,28,1,0,0
541,29,1,0,0
541,30,1,0,0
541,32,1,0,0
541,33,1,0,0
541,45,1,0,0
541,139,1,0,0
541,143,1,0,0
541,173,1,0,0
541,282,1,0,0
541,341,1,0,0
541,355,1,0,0
541,358,1,0,0
541,359,1,0,0
541,597,1,0,0
541,639,1,0,0
541,692,1,0,0
541,713,1,0,0
541,853,1,0,0
542,20,1,0,0
542,49,1,0,0
542,52,1,0,0
542,99,1,0,0
542,161,1,0,0
542,196,1,0,0
542,199,1,0,0
542,203,1,0,0
542,204,1,0,0
542,222,1,0,0
542,249,1,0,0
542,260,1,0,0
542,306,1,0,0
542,307,1,0,0
542,354,1,0,0
542,356,1,0,0
542,360,1,0,0
542,378,1,0,0
542,380,1,0,0
542,393,1,0,0
542,470,1,0,0
542,473,1,0,0
542,474,1,0,0
542,497,1,0,0
542,543,1,0,0
542,544,1,0,0
542,560,1,0,0
542,624,1,0,0
542,665,1,0,0
542,699,1,0,0
542,809,1,0,0
542,810,1,0,0
542,854,1,0,0
543,204,1,0,0
543,305,1,0,0
543,307,1,0,0
543,354,1,0,0
543,378,1,0,0
543,379,1,0,0
543,394,1,0,0
543,470,1,0,0
543,473,1,0,0
543,474,1,0,0
543,497,1,0,0
543,542,1,0,0
543,551,1,0,0
543,557,1,0,0
543,606,1,0,0
543,623,1,0,0
543,665,1,0,0
543,740,1,0,0
543,771,1,0,0
543,809,1,0,0
543,810,1,0,0
543,830,1,0,0
544,379,1,0,0
544,542,1,0,0
544,852,1,0,0
545,249,1,1,1
545,562,0,1,1
545,573,1,0,1
546,191,0,1,1
546,540,1,0,1
546,573,1,0,1
547,497,0,1,1
548,343,1,1,1
548,395,1,0,1
548,854,1,0,1
549,196,1,0,0
549,281,1,0,0
549,282,1,0,0
549,283,1,0,0
549,482,1,0,0
549,483,1,0,0
549,538,1,0,0
549,741,1,0,0
549,855,1,0,0
550,20,1,0,0
550,25,1,0,0
550,219,1,0,0
550,245,1,0,0
550,249,1,0,0
550,251,1,0,0
550,252,1,0,0
550,260,1,0,0
550,282,1,0,0
550,305,1,0,0
550,343,1,0,0
550,397,1,0,0
550,410,1,0,0
550,433,1,0,0
550,447,1,0,0
550,517,1,0,0
550,635,1,0,0
550,734,1,0,0
550,741,1,0,0
550,820,1,0,0
550,826,1,0,0
550,837,1,0,0
551,249,1,1,1
551,543,1,0,1
551,557,1,0,1
551,765,1,0,1
552,27,1,1,1
552,143,1,0,1
552,219,1,0,1
552,220,1,0,1
552,316,1,0,1
553,24,1,1,1
553,152,1,1,1
553,154,1,0,1
553,200,1,0,1
553,224,1,0,1
553,249,1,0,1
553,308,1,0,1
553,310,1,0,1
553,311,1,0,1
553,316,1,0,1
553,343,1,0,1
553,392,1,0,1
553,396,1,0,1
553,469,1,0,1
553,517,1,0,1
553,692,1,0,1
553,718,1,0,1
553,826,1,0,1
553,852,1,0,1
553,855,1,0,1
554,249,1,1,1
554,283,1,0,1
554,483,1,0,1
555,249,1,1,1
556,17,1,1,1
556,249,1,0,1
557,28,1,0,0
557,219,1,0,0
557,220,1,0,0
557,238,1,0,0
557,252,1,0,0
557,394,1,0,0
557,481,1,0,0
557,517,1,0,0
557,530,1,0,0
557,543,1,0,0
557,551,1,0,0
557,563,1,0,0
557,569,1,0,0
557,623,1,0,0
557,625,1,0,0
557,644,1,0,0
557,691,1,0,0
557,699,1,0,0
557,709,1,0,0
557,728,1,0,0
557,740,1,0,0
557,809,1,0,0
558,196,0,1,1
558,310,1,0,1
558,587,1,0,1
558,718,1,0,1
559,219,1,0,0
559,530,1,0,0
560,31,1,1,1
560,191,1,1,1
560,204,1,0,1
560,205,1,0,1
560,249,1,0,1
560,379,1,0,1
560,483,1,1,1
560,527,1,0,1
560,530,1,0,1
560,536,1,0,1
560,542,1,0,1
560,597,1,0,1
560,665,1,0,1
560,716,1,0,1
560,826,1,0,1
561,597,1,1,1
561,601,1,0,1
562,20,1,0,0
562,32,1,0,0
562,47,1,0,0
562,57,1,0,0
562,143,1,0,0
562,146,1,0,0
562,154,1,0,0
562,179,1,0,0
562,196,1,0,0
562,204,1,0,0
562,249,1,0,0
562,250,1,0,0
562,379,1,0,0
562,470,1,0,0
562,474,1,0,0
562,475,1,0,0
562,481,1,0,0
562,482,1,0,0
562,484,1,0,0
562,531,1,0,0
562,537,1,0,0
562,545,1,0,0
562,627,1,0,0
562,628,1,0,0
562,629,1,0,0
562,664,1,0,0
562,665,1,0,0
562,699,1,0,0
562,715,1,0,0
562,716,1,0,0
562,820,1,0,0
562,836,1,0,0
563,29,1,1,1
563,219,1,0,1
563,383,1,0,1
563,527,1,0,1
563,557,1,0,1
564,209,0,1,1
564,488,0,1,1
564,536,1,0,1
564,573,1,0,1
565,219,1,1,1
565,260,1,0,1
566,209,0,1,1
567,209,0,1,1
568,209,0,1,1
569,17,1,1,1
569,219,1,1,1
569,282,1,0,1
569,307,1,0,1
569,530,1,0,1
569,557,1,0,1
569,597,1,0,1
569,601,1,0,1
569,623,1,0,1
570,249,1,1,1
570,573,0,1,1
570,730,1,0,1
571,573,0,1,1
572,4,0,1,1
572,518,1,0,1
572,573,1,0,1
573,15,0,1,1
573,16,0,1,1
573,51,0,1,1
573,86,0,1,1
573,90,0,1,1
573,93,0,1,1
573,94,0,1,1
573,148,0,1,1
573,149,0,1,1
573,153,1,1,0
573,154,0,1,1
573,155,0,1,1
573,178,0,1,1
573,187,1,1,0
573,197,0,1,1
573,256,0,1,1
573,257,0,1,1
573,259,0,1,1
573,291,0,1,1
573,296,0,1,1
573,300,0,1,1
573,325,0,1,1
573,350,0,1,1
573,385,0,1,1
573,401,0,1,1
573,545,0,1,1
573,546,0,1,1
573,564,0,1,1
573,570,0,1,1
573,571,0,1,1
573,572,0,1,1
573,605,0,1,1
573,606,0,1,1
573,614,0,1,1
573,644,0,1,1
573,650,0,1,1
573,655,0,1,1
573,656,0,1,1
573,658,0,1,1
573,683,0,1,1
573,684,0,1,1
573,702,0,1,1
573,703,0,1,1
573,704,0,1,1
573,705,0,1,1
573,706,0,1,1
573,721,0,1,1
573,740,0,1,1
573,762,0,1,1
573,798,0,1,1
574,249,1,1,1
575,52,0,1,1
576,52,0,1,1
577,114,0,1,1
577,196,1,0,1
577,365,1,0,1
578,135,0,1,1
579,321,0,1,1
579,497,1,0,1
580,343,1,1,1
581,343,1,1,1
581,857,1,0,1
582,699,0,1,1
583,497,0,1,1
584,219,1,1,1
585,249,1,1,1
586,69,1,0,0
586,144,1,0,0
586,212,1,0,0
586,312,1,0,0
586,379,1,0,0
586,395,1,0,0
586,601,1,0,0
586,603,1,0,0
586,604,1,0,0
586,699,1,0,0
586,712,1,0,0
586,713,1,0,0
586,771,1,0,0
586,830,1,0,0
586,849,1,0,0
587,194,1,0,0
587,209,1,0,0
587,222,1,0,0
587,223,1,0,0
587,224,1,0,0
587,260,1,0,0
587,287,1,0,0
587,488,1,0,0
587,558,1,0,0
587,659,1,0,0
587,724,1,0,0
587,820,1,0,0
587,842,1,0,0
587,844,1,0,0
588,52,0,1,1
589,249,1,1,1
590,196,0,1,1
591,174,0,1,1
592,4,0,1,1
592,196,0,1,1
592,699,1,0,1
593,196,0,1,1
594,249,1,1,1
595,25,1,1,1
595,219,1,0,1
596,699,0,1,1
597,3,1,1,0
597,12,1,1,0
597,13,1,1,0
597,25,1,1,0
597,35,1,1,0
597,47,1,1,0
597,48,1,1,0
597,65,1,1,0
597,66,1,1,0
597,77,1,1,1
597,162,1,1,1
597,169,1,1,1
597,170,1,1,1
597,171,1,1,1
597,172,1,1,1
597,179,1,1,1
597,180,1,1,1
597,181,1,1,1
597,182,1,1,1
597,183,1,1,0
597,184,1,1,1
597,185,1,1,1
597,186,1,1,1
597,188,1,1,1
597,195,1,1,1
597,204,1,1,1
597,209,1,1,1
597,219,1,1,1
597,244,1,1,1
597,245,1,1,1
597,249,1,1,1
597,251,1,1,1
597,255,1,1,1
597,282,1,1,0
597,318,1,1,1
597,322,1,1,1
597,330,1,1,1
597,331,1,1,1
597,332,1,1,1
597,333,1,1,1
597,334,1,1,1
597,335,1,1,0
597,336,1,1,1
597,353,1,1,1
597,355,1,1,1
597,372,1,1,1
597,379,1,1,1
597,396,1,1,1
597,398,1,1,1
597,470,1,1,1
597,474,1,1,1
597,481,1,1,0
597,517,1,1,1
597,525,1,1,1
597,527,1,1,1
597,530,1,1,0
597,531,1,1,0
597,541,1,1,1
597,560,1,1,1
597,561,1,1,1
597,569,1,1,1
597,603,1,1,1
597,605,1,1,1
597,616,1,1,1
597,627,1,1,0
597,628,1,1,1
597,630,1,1,0
597,636,1,1,1
597,638,1,1,1
597,639,1,1,1
597,665,1,1,1
597,685,1,1,1
597,686,1,1,0
597,727,1,1,1
597,740,1,1,1
597,767,1,1,1
597,771,1,1,1
597,805,1,1,1
597,830,1,1,1
597,836,1,1,1
597,851,1,1,1
598,219,1,1,1
599,196,0,1,1
599,718,1,0,1
600,135,0,1,1
601,25,1,0,0
601,55,1,0,0
601,219,1,0,0
601,360,1,0,0
601,479,1,0,0
601,500,1,0,0
601,561,1,0,0
601,569,1,0,0
601,586,1,0,0
601,602,1,0,0
601,624,1,0,0
601,729,1,0,0
601,760,1,0,0
601,771,1,0,0
601,830,1,0,0
602,20,1,0,0
602,25,1,0,0
602,302,1,0,0
602,479,1,0,0
602,500,1,0,0
602,517,1,0,0
602,601,1,0,0
602,760,1,0,0
602,761,1,0,0
602,762,1,0,0
602,763,1,0,0
602,764,1,0,0
602,765,1,0,0
602,771,1,0,0
602,820,1,0,0
602,830,1,0,0
603,37,1,0,0
603,52,1,0,0
603,88,1,0,0
603,144,1,0,0
603,204,1,0,0
603,219,1,0,0
603,360,1,0,0
603,363,1,0,0
603,488,1,0,0
603,498,1,0,0
603,500,1,0,0
603,516,1,0,0
603,586,1,0,0
603,597,1,0,0
603,665,1,0,0
603,712,1,0,0
603,713,1,0,0
603,714,1,0,0
603,762,1,0,0
603,771,1,0,0
603,830,1,0,0
604,43,1,0,0
604,55,1,0,0
604,74,1,0,0
604,383,1,0,0
604,498,1,0,0
604,500,1,0,0
604,586,1,0,0
604,713,1,0,0
604,714,1,0,0
604,760,1,0,0
604,771,1,0,0
604,819,1,0,0
604,820,1,0,0
604,830,1,0,0
604,835,1,0,0
604,848,1,0,0
604,849,1,0,0
605,209,0,1,1
605,219,1,1,1
605,220,0,1,1
605,517,1,1,1
605,573,1,0,1
605,597,1,0,1
606,25,0,1,1
606,154,0,1,1
606,209,1,0,1
606,220,1,0,1
606,543,1,0,1
606,573,1,0,1
606,846,1,0,1
607,209,0,1,1
607,220,1,0,1
607,846,1,0,1
608,25,1,0,0
608,161,1,0,0
608,196,1,0,0
608,223,1,0,0
608,252,1,0,0
608,379,1,0,0
608,394,1,0,0
608,459,1,0,0
608,520,1,0,0
608,713,1,0,0
608,784,1,0,0
609,135,0,1,1
610,699,1,1,0
611,196,0,1,1
611,249,1,1,1
611,699,0,1,1
612,196,0,1,1
612,249,1,1,1
612,699,0,1,1
613,174,0,1,1
614,4,0,1,1
614,209,0,1,1
614,573,1,0,1
615,209,0,1,1
616,597,1,1,1
617,497,0,1,1
617,699,0,1,1
618,52,0,1,1
618,821,1,0,1
619,209,0,1,1
620,219,1,1,1
620,518,1,0,1
620,820,1,0,1
621,196,0,1,1
622,322,1,1,1
622,343,1,0,1
623,28,1,0,0
623,139,1,0,0
623,144,1,0,0
623,163,1,0,0
623,204,1,0,0
623,330,1,0,0
623,379,1,0,0
623,393,1,0,0
623,470,1,0,0
623,474,1,0,0
623,481,1,0,0
623,497,1,0,0
623,525,1,0,0
623,526,1,0,0
623,528,1,0,0
623,530,1,0,0
623,531,1,0,0
623,543,1,0,0
623,557,1,0,0
623,569,1,0,0
623,625,1,0,0
623,665,1,0,0
623,699,1,0,0
623,809,1,0,0
623,830,1,0,0
624,17,1,0,0
624,31,1,0,0
624,98,1,0,0
624,99,1,0,0
624,144,1,0,0
624,196,1,0,0
624,204,1,0,0
624,225,1,0,0
624,249,1,0,0
624,305,1,0,0
624,307,1,0,0
624,379,1,0,0
624,392,1,0,0
624,393,1,0,0
624,394,1,0,0
624,481,1,0,0
624,497,1,0,0
624,498,1,0,0
624,525,1,0,0
624,526,1,0,0
624,527,1,0,0
624,530,1,0,0
624,531,1,0,0
624,537,1,0,0
624,542,1,0,0
624,601,1,0,0
624,625,1,0,0
624,659,1,0,0
624,665,1,0,0
624,699,1,0,0
624,707,1,0,0
624,718,1,0,0
624,792,1,0,0
624,809,1,0,0
624,820,1,0,0
624,830,1,0,0
625,31,1,1,1
625,143,1,0,1
625,219,1,0,1
625,252,1,0,1
625,260,1,0,1
625,482,1,0,1
625,483,1,0,1
625,484,1,0,1
625,527,1,0,1
625,557,1,0,1
625,623,1,0,1
625,624,1,0,1
625,707,1,0,1
625,826,1,0,1
625,852,1,0,1
626,497,0,1,1
626,699,0,1,1
627,30,1,1,1
627,143,1,0,1
627,252,1,0,1
627,292,1,0,1
627,293,1,0,1
627,536,1,0,1
627,562,1,0,1
627,597,1,0,1
628,30,1,1,1
628,143,1,0,1
628,145,1,0,1
628,252,1,0,1
628,292,1,0,1
628,293,1,0,1
628,562,1,0,1
628,597,1,0,1
629,30,0,1,1
629,174,1,0,1
629,562,1,0,1
630,396,1,1,1
630,597,1,0,1
630,763,1,0,1
630,764,1,0,1
631,699,0,1,1
632,497,0,1,1
633,135,0,1,1
634,196,0,1,1
635,174,0,1,1
635,196,0,1,1
635,253,1,1,1
635,343,1,0,1
635,480,1,0,1
635,518,1,0,1
635,550,1,0,1
635,820,1,0,1
636,597,1,1,1
637,196,0,1,1
638,17,1,1,1
638,25,1,0,1
638,220,1,0,1
638,328,1,0,1
638,597,1,0,1
639,17,0,1,1
639,196,1,1,1
639,200,1,1,1
639,249,1,0,1
639,541,1,0,1
639,597,1,0,1
639,765,1,0,1
640,209,0,1,1
640,395,1,0,1
641,205,0,1,1
641,209,1,0,1
641,316,1,0,1
642,219,1,1,1
643,33,0,1,1
643,34,1,0,1
643,196,1,0,1
644,209,0,1,1
644,557,0,1,1
644,573,1,0,1
644,760,1,0,1
644,762,1,0,1
645,209,0,1,1
646,209,0,1,1
647,497,0,1,1
648,93,1,0,0
648,209,1,0,0
648,222,1,0,0
648,850,1,0,0
649,135,0,1,1
650,24,0,1,1
650,174,0,1,1
650,573,1,0,1
650,762,1,0,1
651,174,0,1,1
652,174,0,1,1
653,52,0,1,1
654,196,0,1,1
654,252,1,0,1
654,857,1,0,1
655,573,0,1,1
656,573,0,1,1
657,219,1,1,1
657,393,1,0,1
657,527,1,0,1
657,528,1,0,1
657,530,1,0,1
657,787,1,0,1
657,835,1,0,1
658,174,0,1,1
658,536,0,1,1
658,573,1,0,1
659,4,1,0,0
659,20,1,0,0
659,25,1,0,0
659,31,1,0,0
659,52,1,0,0
659,74,1,0,0
659,77,1,0,0
659,78,1,0,0
659,91,1,0,0
659,92,1,0,0
659,95,1,0,0
659,96,1,0,0
659,97,1,0,0
659,152,1,0,0
659,177,1,0,0
659,188,1,0,0
659,189,1,0,0
659,199,1,0,0
659,204,1,0,0
659,249,1,0,0
659,305,1,0,0
659,306,1,0,0
659,307,1,0,0
659,341,1,0,0
659,379,1,0,0
659,470,1,0,0
659,479,1,0,0
659,587,1,0,0
659,624,1,0,0
659,660,1,0,0
659,691,1,0,0
659,707,1,0,0
659,727,1,0,0
659,729,1,0,0
659,820,1,0,0
659,821,1,0,0
659,854,1,0,0
660,152,0,1,1
660,177,1,0,1
660,188,1,0,1
660,189,1,0,1
660,196,1,0,1
660,198,1,0,1
660,305,1,0,1
660,307,1,0,1
660,308,1,0,1
660,310,1,0,1
660,311,1,0,1
660,480,1,0,1
660,498,1,0,1
660,530,1,0,1
660,659,1,0,1
660,707,1,0,1
660,718,1,0,1
660,729,1,0,1
660,796,1,0,1
660,852,1,0,1
661,152,0,1,1
661,177,1,0,1
661,196,1,0,1
661,198,1,0,1
661,305,1,0,1
661,307,1,0,1
661,310,1,0,1
661,311,1,0,1
661,480,1,0,1
661,498,1,0,1
661,707,1,0,1
661,718,1,0,1
661,796,1,0,1
661,852,1,0,1
662,188,0,1,1
662,189,1,0,1
662,196,1,0,1
662,305,1,0,1
663,196,1,0,0
663,249,1,0,0
663,361,1,0,0
663,380,1,0,0
663,381,1,0,0
663,850,1,0,0
664,196,0,1,1
664,305,1,0,1
664,307,1,0,1
664,310,1,0,1
664,480,1,0,1
664,498,1,0,1
664,562,1,0,1
664,718,1,0,1
665,49,1,0,0
665,52,1,0,0
665,77,1,0,0
665,99,1,0,0
665,144,1,0,0
665,161,1,0,0
665,196,1,0,0
665,198,1,0,0
665,204,1,0,0
665,249,1,0,0
665,306,1,0,0
665,307,1,0,0
665,349,1,0,0
665,354,1,0,0
665,357,1,0,0
665,360,1,0,0
665,365,1,0,0
665,366,1,0,0
665,367,1,0,0
665,369,1,0,0
665,379,1,0,0
665,380,1,0,0
665,394,1,0,0
665,497,1,0,0
665,517,1,0,0
665,542,1,0,0
665,543,1,0,0
665,560,1,0,0
665,562,1,0,0
665,597,1,0,0
665,603,1,0,0
665,623,1,0,0
665,624,1,0,0
665,699,1,0,0
665,707,1,0,0
665,716,1,0,0
665,727,1,0,0
665,729,1,0,0
665,809,1,0,0
665,826,1,0,0
665,854,1,0,0
666,196,0,1,1
666,203,1,0,1
666,310,1,0,1
666,498,1,0,1
666,718,1,0,1
666,729,1,0,1
667,191,1,1,1
667,219,1,0,1
667,787,1,0,1
668,174,0,1,1
668,209,0,1,1
668,741,1,0,1
669,174,0,1,1
670,174,0,1,1
671,174,0,1,1
672,174,0,1,1
672,209,0,1,1
673,174,0,1,1
674,174,0,1,1
675,174,0,1,1
676,174,0,1,1
677,174,0,1,1
678,174,0,1,1
679,174,0,1,1
680,174,0,1,1
681,174,0,1,1
682,174,0,1,1
683,573,0,1,1
684,573,0,1,1
685,597,1,1,1
686,597,1,1,1
687,196,0,1,1
687,365,1,0,1
688,135,0,1,1
689,174,0,1,1
690,4,1,0,0
690,77,1,0,0
690,78,1,0,0
690,95,1,0,0
690,98,1,0,0
690,144,1,0,0
690,152,1,0,0
690,199,1,0,0
690,201,1,0,0
690,204,1,0,0
690,222,1,0,0
690,223,1,0,0
690,255,1,0,0
690,281,1,0,0
690,282,1,0,0
690,305,1,0,0
690,306,1,0,0
690,349,1,0,0
690,357,1,0,0
690,359,1,0,0
690,379,1,0,0
690,394,1,0,0
690,516,1,0,0
690,538,1,0,0
690,692,1,0,0
690,713,1,0,0
690,714,1,0,0
690,716,1,0,0
690,736,1,0,0
690,780,1,0,0
691,20,1,0,0
691,25,1,0,0
691,98,1,0,0
691,99,1,0,0
691,154,1,0,0
691,219,1,0,0
691,222,1,0,0
691,223,1,0,0
691,312,1,0,0
691,314,1,0,0
691,391,1,0,0
691,393,1,0,0
691,458,1,0,0
691,470,1,0,0
691,474,1,0,0
691,491,1,0,0
691,540,1,0,0
691,557,1,0,0
691,659,1,0,0
691,712,1,0,0
691,713,1,0,0
691,714,1,0,0
691,734,1,0,0
691,760,1,0,0
691,814,1,0,0
691,820,1,0,0
691,826,1,0,0
691,827,1,0,0
691,835,1,0,0
691,836,1,0,0
691,853,1,0,0
692,77,1,0,0
692,96,1,0,0
692,135,1,0,0
692,144,1,0,0
692,154,1,0,0
692,204,1,0,0
692,222,1,0,0
692,253,1,0,0
692,308,1,0,0
692,401,1,0,0
692,458,1,0,0
692,469,1,0,0
692,479,1,0,0
692,497,1,0,0
692,517,1,0,0
692,518,1,0,0
692,541,1,0,0
692,553,1,0,0
692,690,1,0,0
692,713,1,0,0
692,714,1,0,0
692,740,1,0,0
692,782,1,0,0
692,792,1,0,0
692,820,1,0,0
692,827,1,0,0
692,856,1,0,0
693,135,0,1,1
694,497,0,1,1
695,497,0,1,1
696,497,0,1,1
697,209,0,1,1
698,219,1,1,1
699,0,1,1,0
699,11,1,1,0
699,18,1,1,0
699,21,1,1,0
699,28,1,1,0
699,29,1,1,0
699,108,1,1,0
699,139,1,1,0
699,188,1,1,0
699,194,1,1,0
699,205,1,1,0
699,219,1,1,0
699,220,1,1,0
699,229,1,1,0
699,231,1,1,0
699,232,1,1,0
699,238,1,1,0
699,239,1,1,0
699,242,1,1,0
699,248,1,1,0
699,315,1,1,0
699,316,1,1,0
699,326,1,1,0
699,328,0,1,1
699,350,0,1,1
699,352,0,1,1
699,375,0,1,1
699,377,0,1,1
699,391,0,1,1
699,393,0,1,1
699,399,0,1,1
699,462,0,1,1
699,542,0,1,1
699,557,0,1,1
699,562,0,1,1
699,582,0,1,1
699,586,0,1,1
699,592,0,1,1
699,596,0,1,1
699,610,0,1,1
699,611,0,1,1
699,612,0,1,1
699,617,0,1,1
699,623,0,1,1
699,624,0,1,1
699,626,0,1,1
699,631,0,1,1
699,665,0,1,1
699,700,0,1,1
699,712,0,1,1
699,713,0,1,1
699,714,0,1,1
699,715,0,1,1
699,727,0,1,1
699,731,0,1,1
699,741,0,1,1
699,742,0,1,1
699,792,0,1,1
699,793,0,1,1
699,794,0,1,1
699,796,0,1,1
699,797,0,1,1
699,799,0,1,1
699,834,0,1,1
699,836,1,1,0
699,837,0,1,1
699,838,0,1,1
699,839,0,1,1
699,840,1,1,0
699,852,0,1,1
700,699,0,1,1
701,52,0,1,1
702,573,0,1,1
702,786,1,0,1
703,143,0,1,1
703,209,0,1,1
703,573,1,0,1
704,573,0,1,1
705,573,0,1,1
706,573,0,1,1
707,20,1,0,0
707,25,1,0,0
707,27,1,0,0
707,28,1,0,0
707,111,1,0,0
707,139,1,0,0
707,204,1,0,0
707,205,1,0,0
707,252,1,0,0
707,253,1,0,0
707,303,1,0,0
707,305,1,0,0
707,306,1,0,0
707,308,1,0,0
707,317,1,0,0
707,328,1,0,0
707,329,1,0,0
707,332,1,0,0
707,336,1,0,0
707,475,1,0,0
707,480,1,0,0
707,484,1,0,0
707,497,1,0,0
707,518,1,0,0
707,520,1,0,0
707,530,1,0,0
707,624,1,0,0
707,625,1,0,0
707,659,1,0,0
707,660,1,0,0
707,661,1,0,0
707,665,1,0,0
707,778,1,0,0
707,820,1,0,0
707,821,1,0,0
707,849,1,0,0
707,855,1,0,0
708,52,0,1,1
709,249,1,1,1
709,557,1,0,1
710,196,0,1,1
711,196,0,1,1
712,152,0,1,1
712,189,1,0,1
712,205,1,0,1
712,252,1,0,1
712,253,1,0,1
712,302,1,0,1
712,391,1,0,1
712,392,1,0,1
712,486,1,0,1
712,517,1,0,1
712,586,1,0,1
712,603,1,0,1
712,691,1,0,1
712,699,1,0,1
712,713,1,0,1
712,714,1,0,1
712,715,1,0,1
712,727,1,0,1
712,786,1,0,1
712,796,1,0,1
712,855,1,0,1
713,25,1,0,0
713,27,1,0,0
713,31,1,0,0
713,32,1,0,0
713,89,1,0,0
713,92,1,0,0
713,96,1,0,0
713,144,1,0,0
713,189,1,0,0
713,204,1,0,0
713,219,1,0,0
713,222,1,0,0
713,249,1,0,0
713,252,1,0,0
713,253,1,0,0
713,255,1,0,0
713,282,1,0,0
713,316,1,0,0
713,379,1,0,0
713,391,1,0,0
713,392,1,0,0
713,393,1,0,0
713,470,1,0,0
713,474,1,0,0
713,475,1,0,0
713,483,1,0,0
713,486,1,0,0
713,497,1,0,0
713,517,1,0,0
713,520,1,0,0
713,540,1,0,0
713,541,1,0,0
713,586,1,0,0
713,603,1,0,0
713,604,1,0,0
713,608,1,0,0
713,690,1,0,0
713,691,1,0,0
713,692,1,0,0
713,699,1,0,0
713,712,1,0,0
713,714,1,0,0
713,715,1,0,0
713,727,1,0,0
713,729,1,0,0
713,786,1,0,0
713,792,1,0,0
713,793,1,0,0
713,795,1,0,0
713,796,1,0,0
713,835,1,0,0
713,855,1,0,0
714,25,1,0,0
714,27,1,0,0
714,31,1,0,0
714,77,1,0,0
714,89,1,0,0
714,96,1,0,0
714,144,1,0,0
714,152,1,0,0
714,154,1,0,0
714,189,1,0,0
714,204,1,0,0
714,205,1,0,0
714,219,1,0,0
714,224,1,0,0
714,249,1,0,0
714,252,1,0,0
714,253,1,0,0
714,282,1,0,0
714,283,1,0,0
714,305,1,0,0
714,321,1,0,0
714,379,1,0,0
714,392,1,0,0
714,393,1,0,0
714,458,1,0,0
714,483,1,0,0
714,486,1,0,0
714,517,1,0,0
714,530,1,0,0
714,603,1,0,0
714,604,1,0,0
714,690,1,0,0
714,691,1,0,0
714,692,1,0,0
714,699,1,0,0
714,712,1,0,0
714,713,1,0,0
714,715,1,0,0
714,727,1,0,0
714,729,1,0,0
714,768,1,0,0
714,782,1,0,0
714,792,1,0,0
714,795,1,0,0
714,796,1,0,0
714,826,1,0,0
714,830,1,0,0
714,835,1,0,0
714,854,1,0,0
714,855,1,0,0
715,70,1,0,0
715,154,1,0,0
715,249,1,0,0
715,305,1,0,0
715,391,1,0,0
715,406,1,0,0
715,562,1,0,0
715,699,1,0,0
715,712,1,0,0
715,713,1,0,0
715,714,1,0,0
715,786,1,0,0
715,792,1,0,0
715,794,1,0,0
715,795,1,0,0
715,845,1,0,0
715,855,1,0,0
716,31,1,0,0
716,77,1,0,0
716,92,1,0,0
716,144,1,0,0
716,154,1,0,0
716,220,1,0,0
716,249,1,0,0
716,305,1,0,0
716,365,1,0,0
716,379,1,0,0
716,392,1,0,0
716,458,1,0,0
716,480,1,0,0
716,536,1,0,0
716,560,1,0,0
716,562,1,0,0
716,665,1,0,0
716,690,1,0,0
716,763,1,0,0
716,764,1,0,0
716,782,1,0,0
716,784,1,0,0
716,835,1,0,0
717,135,0,1,1
717,196,0,1,1
717,310,1,0,1
717,321,1,0,1
717,498,1,0,1
717,718,1,0,1
717,820,1,0,1
717,826,1,0,1
717,827,1,0,1
718,17,1,0,0
718,31,1,0,0
718,77,1,0,0
718,89,1,0,0
718,90,1,0,0
718,110,1,0,0
718,111,1,0,0
718,193,1,0,0
718,196,1,0,0
718,225,1,0,0
718,248,1,0,0
718,305,1,0,0
718,306,1,0,0
718,307,1,0,0
718,309,1,0,0
718,310,1,0,0
718,379,1,0,0
718,382,1,0,0
718,497,1,0,0
718,498,1,0,0
718,499,1,0,0
718,553,1,0,0
718,558,1,0,0
718,599,1,0,0
718,624,1,0,0
718,660,1,0,0
718,661,1,0,0
718,664,1,0,0
718,666,1,0,0
718,717,1,0,0
718,724,1,0,0
718,772,1,0,0
718,820,1,0,0
718,826,1,0,0
718,827,1,0,0
719,196,0,1,1
720,343,1,1,1
721,4,0,1,1
721,209,0,1,1
721,573,1,0,1
722,343,1,1,1
722,488,1,0,1
722,785,1,0,1
722,857,1,0,1
723,196,0,1,1
724,205,1,1,1
724,322,1,0,1
724,343,1,0,1
724,392,1,0,1
724,393,1,0,1
724,480,1,0,1
724,518,1,0,1
724,587,1,0,1
724,718,1,0,1
724,762,1,0,1
724,765,1,0,1
724,781,1,0,1
724,826,1,0,1
724,855,1,0,1
724,857,1,0,1
725,343,1,1,1
725,393,1,0,1
725,458,1,0,1
725,782,1,0,1
726,249,1,1,1
727,27,1,0,0
727,52,1,0,0
727,79,1,0,0
727,96,1,0,0
727,98,1,0,0
727,144,1,0,0
727,188,1,0,0
727,196,1,0,0
727,199,1,0,0
727,204,1,0,0
727,209,1,0,0
727,219,1,0,0
727,220,1,0,0
727,222,1,0,0
727,223,1,0,0
727,224,1,0,0
727,249,1,0,0
727,305,1,0,0
727,306,1,0,0
727,316,1,0,0
727,343,1,0,0
727,379,1,0,0
727,380,1,0,0
727,381,1,0,0
727,391,1,0,0
727,394,1,0,0
727,396,1,0,0
727,406,1,0,0
727,411,1,0,0
727,433,1,0,0
727,470,1,0,0
727,472,1,0,0
727,473,1,0,0
727,474,1,0,0
727,475,1,0,0
727,497,1,0,0
727,517,1,0,0
727,527,1,0,0
727,597,1,0,0
727,610,1,0,0
727,659,1,0,0
727,665,1,0,0
727,699,1,0,0
727,712,1,0,0
727,713,1,0,0
727,714,1,0,0
727,729,1,0,0
727,730,1,0,0
727,778,1,0,0
727,784,1,0,0
727,785,1,0,0
727,809,1,0,0
727,820,1,0,0
727,834,1,0,0
727,854,1,0,0
728,21,1,0,0
728,219,1,0,0
728,365,1,0,0
728,497,1,0,0
728,557,1,0,0
729,52,1,0,0
729,96,1,0,0
729,144,1,0,0
729,177,1,0,0
729,204,1,0,0
729,209,1,0,0
729,219,1,0,0
729,305,1,0,0
729,306,1,0,0
729,318,1,0,0
729,343,1,0,0
729,480,1,0,0
729,537,1,0,0
729,601,1,0,0
729,610,1,0,0
729,659,1,0,0
729,660,1,0,0
729,665,1,0,0
729,666,1,0,0
729,713,1,0,0
729,714,1,0,0
729,727,1,0,0
729,730,1,0,0
729,771,1,0,0
729,820,1,0,0
729,830,1,0,0
729,852,1,0,0
730,52,1,0,0
730,209,1,0,0
730,517,1,0,0
730,570,1,0,0
730,727,1,0,0
730,729,1,0,0
731,699,0,1,1
732,52,0,1,1
733,52,0,1,1
734,25,1,0,0
734,89,1,0,0
734,207,1,0,0
734,251,1,0,0
734,397,1,0,0
734,497,1,0,0
734,510,1,0,0
734,511,1,0,0
734,550,1,0,0
734,691,1,0,0
734,765,1,0,0
734,788,1,0,0
734,789,1,0,0
734,820,1,0,0
735,174,0,1,1
735,796,1,0,1
735,827,1,0,1
736,249,1,1,1
736,392,1,0,1
736,488,1,0,1
736,690,1,0,1
736,741,1,0,1
737,135,0,1,1
738,249,1,1,1
739,196,0,1,1
739,224,1,0,1
740,4,0,1,1
740,17,1,1,1
740,25,0,1,1
740,154,0,1,1
740,209,1,1,1
740,219,1,0,1
740,220,1,0,1
740,302,1,0,1
740,497,1,0,1
740,543,1,0,1
740,557,1,0,1
740,573,1,0,1
740,597,1,0,1
740,692,1,0,1
740,762,1,0,1
740,763,1,0,1
741,44,1,0,0
741,143,1,0,0
741,202,1,0,0
741,203,1,0,0
741,222,1,0,0
741,223,1,0,0
741,224,1,0,0
741,249,1,0,0
741,252,1,0,0
741,283,1,0,0
741,308,1,0,0
741,321,1,0,0
741,470,1,0,0
741,472,1,0,0
741,473,1,0,0
741,474,1,0,0
741,520,1,0,0
741,521,1,0,0
741,525,1,0,0
741,537,1,0,0
741,538,1,0,0
741,539,1,0,0
741,549,1,0,0
741,550,1,0,0
741,668,1,0,0
741,699,1,0,0
741,736,1,0,0
741,778,1,0,0
742,699,0,1,1
743,321,1,1,1
743,343,1,0,1
744,249,1,1,1
745,135,0,1,1
745,394,1,0,1
746,500,0,1,1
747,500,0,1,1
748,500,0,1,1
749,500,0,1,1
750,500,0,1,1
751,500,0,1,1
752,500,0,1,1
753,500,0,1,1
754,249,1,1,1
755,174,0,1,1
756,174,0,1,1
757,174,0,1,1
758,174,0,1,1
759,174,0,1,1
760,17,1,0,0
760,144,1,0,0
760,195,1,0,0
760,196,1,0,0
760,204,1,0,0
760,219,1,0,0
760,258,1,0,0
760,346,1,0,0
760,349,1,0,0
760,357,1,0,0
760,360,1,0,0
760,365,1,0,0
760,373,1,0,0
760,378,1,0,0
760,469,1,0,0
760,470,1,0,0
760,473,1,0,0
760,474,1,0,0
760,497,1,0,0
760,515,1,0,0
760,601,1,0,0
760,602,1,0,0
760,604,1,0,0
760,644,1,0,0
760,691,1,0,0
760,761,1,0,0
760,762,1,0,0
760,763,1,0,0
760,809,1,0,0
760,826,1,0,0
760,834,1,0,0
761,196,0,1,1
761,365,1,0,1
761,523,1,0,1
761,602,1,0,1
761,760,1,0,1
762,17,1,0,0
762,20,1,0,0
762,48,1,0,0
762,52,1,0,0
762,73,1,0,0
762,77,1,0,0
762,161,1,0,0
762,194,1,0,0
762,195,1,0,0
762,240,1,0,0
762,249,1,0,0
762,252,1,0,0
762,253,1,0,0
762,255,1,0,0
762,282,1,0,0
762,307,1,0,0
762,316,1,0,0
762,330,1,0,0
762,355,1,0,0
762,360,1,0,0
762,368,1,0,0
762,378,1,0,0
762,380,1,0,0
762,393,1,0,0
762,470,1,0,0
762,474,1,0,0
762,497,1,0,0
762,500,1,0,0
762,517,1,0,0
762,518,1,0,0
762,573,1,0,0
762,602,1,0,0
762,603,1,0,0
762,644,1,0,0
762,650,1,0,0
762,724,1,0,0
762,740,1,0,0
762,760,1,0,0
762,763,1,0,0
762,764,1,0,0
762,820,1,0,0
762,826,1,0,0
762,836,1,0,0
762,855,1,0,0
763,4,1,0,0
763,48,1,0,0
763,77,1,0,0
763,78,1,0,0
763,144,1,0,0
763,195,1,0,0
763,204,1,0,0
763,219,1,0,0
763,249,1,0,0
763,255,1,0,0
763,258,1,0,0
763,357,1,0,0
763,358,1,0,0
763,359,1,0,0
763,378,1,0,0
763,470,1,0,0
763,474,1,0,0
763,602,1,0,0
763,630,1,0,0
763,716,1,0,0
763,740,1,0,0
763,760,1,0,0
763,762,1,0,0
764,4,1,0,0
764,48,1,0,0
764,77,1,0,0
764,78,1,0,0
764,144,1,0,0
764,195,1,0,0
764,204,1,0,0
764,219,1,0,0
764,249,1,0,0
764,255,1,0,0
764,258,1,0,0
764,357,1,0,0
764,358,1,0,0
764,359,1,0,0
764,378,1,0,0
764,470,1,0,0
764,474,1,0,0
764,602,1,0,0
764,630,1,0,0
764,716,1,0,0
764,762,1,0,0
765,20,1,0,0
765,48,1,0,0
765,77,1,0,0
765,196,1,0,0
765,222,1,0,0
765,237,1,0,0
765,249,1,0,0
765,252,1,0,0
765,253,1,0,0
765,255,1,0,0
765,282,1,0,0
765,355,1,0,0
765,360,1,0,0
765,368,1,0,0
765,374,1,0,0
765,378,1,0,0
765,380,1,0,0
765,497,1,0,0
765,517,1,0,0
765,523,1,0,0
765,551,1,0,0
765,602,1,0,0
765,639,1,0,0
765,724,1,0,0
765,734,1,0,0
765,792,1,0,0
765,820,1,0,0
765,826,1,0,0
765,836,1,0,0
765,855,1,0,0
766,196,0,1,1
767,329,1,1,1
767,597,1,0,1
768,219,1,1,1
768,224,1,0,1
768,253,1,0,1
768,714,1,0,1
768,820,1,0,1
769,196,0,1,1
770,209,0,1,1
770,219,1,1,1
770,826,1,0,1
770,845,1,0,1
771,25,1,1,1
771,152,1,0,1
771,177,1,0,1
771,202,1,0,1
771,204,1,0,1
771,308,1,0,1
771,310,1,0,1
771,311,1,0,1
771,328,1,0,1
771,329,1,0,1
771,383,1,0,1
771,488,1,0,1
771,543,1,0,1
771,586,1,0,1
771,597,1,0,1
771,601,1,0,1
771,602,1,0,1
771,603,1,0,1
771,604,1,0,1
771,729,1,0,1
771,786,1,0,1
771,787,1,0,1
771,848,1,0,1
771,849,1,0,1
771,855,1,0,1
772,177,0,1,1
772,196,1,0,1
772,203,1,0,1
772,302,1,0,1
772,305,1,0,1
772,307,1,0,1
772,310,1,0,1
772,498,1,0,1
772,518,1,0,1
772,528,1,0,1
772,718,1,0,1
772,852,1,0,1
773,196,0,1,1
773,523,1,0,1
774,196,0,1,1
775,174,0,1,1
776,219,1,1,1
777,135,0,1,1
778,188,1,0,0
778,198,1,0,0
778,200,1,0,0
778,202,1,0,0
778,203,1,0,0
778,204,1,0,0
778,222,1,0,0
778,223,1,0,0
778,249,1,0,0
778,282,1,0,0
778,527,1,0,0
778,707,1,0,0
778,727,1,0,0
778,741,1,0,0
778,820,1,0,0
779,196,0,1,1
779,785,1,0,1
780,4,1,1,1
780,204,1,0,1
780,282,1,0,1
780,343,1,0,1
780,482,1,0,1
780,483,1,0,1
780,484,1,0,1
780,516,1,0,1
780,690,1,0,1
780,781,1,0,1
780,826,1,0,1
780,827,1,0,1
780,835,1,0,1
781,52,1,0,0
781,144,1,0,0
781,154,1,0,0
781,196,1,0,0
781,204,1,0,0
781,305,1,0,0
781,341,1,0,0
781,343,1,0,0
781,379,1,0,0
781,392,1,0,0
781,458,1,0,0
781,472,1,0,0
781,473,1,0,0
781,482,1,0,0
781,483,1,0,0
781,484,1,0,0
781,519,1,0,0
781,520,1,0,0
781,521,1,0,0
781,724,1,0,0
781,780,1,0,0
781,782,1,0,0
781,805,1,0,0
781,826,1,0,0
781,827,1,0,0
781,855,1,0,0
782,24,1,0,0
782,25,1,0,0
782,52,1,0,0
782,77,1,0,0
782,144,1,0,0
782,152,1,0,0
782,154,1,0,0
782,204,1,0,0
782,249,1,0,0
782,303,1,0,0
782,305,1,0,0
782,306,1,0,0
782,317,1,0,0
782,343,1,0,0
782,379,1,0,0
782,392,1,0,0
782,458,1,0,0
782,486,1,0,0
782,517,1,0,0
782,692,1,0,0
782,714,1,0,0
782,716,1,0,0
782,725,1,0,0
782,781,1,0,0
782,784,1,0,0
782,805,1,0,0
782,857,1,0,0
783,174,0,1,1
784,4,1,1,1
784,219,1,0,1
784,260,1,0,1
784,392,1,0,1
784,458,1,0,1
784,517,1,0,1
784,608,1,0,1
784,716,1,0,1
784,727,1,0,1
784,782,1,0,1
784,844,1,0,1
784,848,1,0,1
784,849,1,0,1
785,47,1,0,0
785,96,1,0,0
785,144,1,0,0
785,203,1,0,0
785,204,1,0,0
785,209,1,0,0
785,219,1,0,0
785,433,1,0,0
785,497,1,0,0
785,517,1,0,0
785,722,1,0,0
785,727,1,0,0
785,779,1,0,0
785,786,1,0,0
785,787,1,0,0
785,791,1,0,0
785,809,1,0,0
785,820,1,0,0
785,836,1,0,0
785,852,1,0,0
786,70,1,0,0
786,144,1,0,0
786,204,1,0,0
786,209,1,0,0
786,702,1,0,0
786,712,1,0,0
786,713,1,0,0
786,715,1,0,0
786,771,1,0,0
786,785,1,0,0
786,787,1,0,0
786,792,1,0,0
786,794,1,0,0
786,795,1,0,0
786,830,1,0,0
786,852,1,0,0
787,96,1,0,0
787,144,1,0,0
787,195,1,0,0
787,204,1,0,0
787,209,1,0,0
787,219,1,0,0
787,251,1,0,0
787,282,1,0,0
787,298,1,0,0
787,517,1,0,0
787,657,1,0,0
787,667,1,0,0
787,771,1,0,0
787,785,1,0,0
787,786,1,0,0
787,788,1,0,0
787,820,1,0,0
787,830,1,0,0
787,852,1,0,0
788,219,1,1,1
788,282,1,0,1
788,527,1,0,1
788,734,1,0,1
788,787,1,0,1
789,209,0,1,1
789,282,1,0,1
789,734,1,0,1
790,196,0,1,1
791,209,1,1,1
791,219,0,1,1
791,785,1,0,1
792,249,1,1,1
792,391,0,1,1
792,624,1,0,1
792,692,1,0,1
792,699,1,0,1
792,713,1,0,1
792,714,1,0,1
792,715,1,0,1
792,765,1,0,1
792,786,1,0,1
793,699,0,1,1
793,713,1,0,1
794,699,0,1,1
794,715,1,0,1
794,786,1,0,1
795,196,0,1,1
795,713,1,0,1
795,714,1,0,1
795,715,1,0,1
795,786,1,0,1
796,0,1,0,0
796,25,1,0,0
796,32,1,0,0
796,152,1,0,0
796,305,1,0,0
796,306,1,0,0
796,355,1,0,0
796,379,1,0,0
796,660,1,0,0
796,661,1,0,0
796,699,1,0,0
796,712,1,0,0
796,713,1,0,0
796,714,1,0,0
796,735,1,0,0
796,827,1,0,0
797,497,0,1,1
797,699,0,1,1
798,573,0,1,1
799,497,0,1,1
799,699,0,1,1
800,497,0,1,1
801,497,0,1,1
802,135,0,1,1
802,855,1,0,1
803,135,0,1,1
803,396,1,0,1
804,135,0,1,1
805,24,1,1,1
805,152,1,0,1
805,282,1,0,1
805,458,1,0,1
805,597,1,0,1
805,781,1,0,1
805,782,1,0,1
806,174,0,1,1
807,174,0,1,1
808,196,0,1,1
809,17,0,1,1
809,196,1,1,1
809,249,0,1,1
809,255,1,0,1
809,354,1,0,1
809,379,1,0,1
809,497,1,1,1
809,517,1,0,1
809,542,1,0,1
809,543,1,0,1
809,557,1,0,1
809,623,1,0,1
809,624,1,0,1
809,665,1,0,1
809,727,1,0,1
809,760,1,0,1
809,785,1,0,1
809,810,1,0,1
810,161,1,0,0
810,354,1,0,0
810,379,1,0,0
810,542,1,0,0
810,543,1,0,0
810,809,1,0,0
811,497,0,1,1
812,249,1,1,1
813,196,0,1,1
814,249,1,1,1
814,691,1,0,1
815,174,0,1,1
816,174,0,1,1
817,174,0,1,1
818,196,0,1,1
819,52,0,1,1
819,604,1,0,1
820,20,1,0,0
820,31,1,0,0
820,36,1,0,0
820,43,1,0,0
820,48,1,0,0
820,52,1,0,0
820,55,1,0,0
820,74,1,0,0
820,96,1,0,0
820,144,1,0,0
820,177,1,0,0
820,189,1,0,0
820,191,1,0,0
820,196,1,0,0
820,198,1,0,0
820,201,1,0,0
820,204,1,0,0
820,219,1,0,0
820,222,1,0,0
820,223,1,0,0
820,225,1,0,0
820,249,1,0,0
820,253,1,0,0
820,305,1,0,0
820,307,1,0,0
820,310,1,0,0
820,316,1,0,0
820,322,1,0,0
820,330,1,0,0
820,343,1,0,0
820,379,1,0,0
820,382,1,0,0
820,391,1,0,0
820,392,1,0,0
820,393,1,0,0
820,394,1,0,0
820,473,1,0,0
820,475,1,0,0
820,479,1,0,0
820,498,1,0,0
820,516,1,0,0
820,517,1,0,0
820,518,1,0,0
820,550,1,0,0
820,562,1,0,0
820,587,1,0,0
820,602,1,0,0
820,604,1,0,0
820,620,1,0,0
820,624,1,0,0
820,635,1,0,0
820,659,1,0,0
820,691,1,0,0
820,692,1,0,0
820,707,1,0,0
820,717,1,0,0
820,718,1,0,0
820,727,1,0,0
820,729,1,0,0
820,734,1,0,0
820,762,1,0,0
820,765,1,0,0
820,768,1,0,0
820,778,1,0,0
820,785,1,0,0
820,787,1,0,0
820,821,1,0,0
820,826,1,0,0
820,827,1,0,0
820,834,1,0,0
820,844,1,0,0
820,848,1,0,0
820,849,1,0,0
820,852,1,0,0
820,854,1,0,0
820,855,1,0,0
821,4,1,0,0
821,52,1,0,0
821,58,1,0,0
821,74,1,0,0
821,91,1,0,0
821,196,1,0,0
821,204,1,0,0
821,234,1,0,0
821,472,1,0,0
821,473,1,0,0
821,479,1,0,0
821,517,1,0,0
821,618,1,0,0
821,659,1,0,0
821,707,1,0,0
821,820,1,0,0
821,844,1,0,0
822,52,0,1,1
823,174,0,1,1
824,114,1,1,1
824,343,1,0,1
825,52,0,1,1
826,20,1,0,0
826,25,1,0,0
826,83,1,0,0
826,89,1,0,0
826,90,1,0,0
826,219,1,0,0
826,221,1,0,0
826,223,1,0,0
826,240,1,0,0
826,248,1,0,0
826,249,1,0,0
826,251,1,0,0
826,322,1,0,0
826,392,1,0,0
826,395,1,0,0
826,550,1,0,0
826,553,1,0,0
826,560,1,0,0
826,625,1,0,0
826,665,1,0,0
826,691,1,0,0
826,714,1,0,0
826,717,1,0,0
826,718,1,0,0
826,724,1,0,0
826,760,1,0,0
826,762,1,0,0
826,765,1,0,0
826,770,1,0,0
826,780,1,0,0
826,781,1,0,0
826,820,1,0,0
826,827,1,0,0
826,845,1,0,0
826,855,1,0,0
827,83,1,0,0
827,89,1,0,0
827,90,1,0,0
827,223,1,0,0
827,240,1,0,0
827,248,1,0,0
827,249,1,0,0
827,251,1,0,0
827,483,1,0,0
827,493,1,0,0
827,691,1,0,0
827,692,1,0,0
827,717,1,0,0
827,718,1,0,0
827,735,1,0,0
827,780,1,0,0
827,781,1,0,0
827,796,1,0,0
827,820,1,0,0
827,826,1,0,0
827,843,1,0,0
827,855,1,0,0
828,188,1,1,1
828,219,1,0,1
829,43,0,1,1
829,52,1,0,1
829,845,1,0,1
830,25,1,1,1
830,43,1,0,1
830,152,1,0,1
830,202,1,0,1
830,308,1,0,1
830,310,1,0,1
830,329,1,0,1
830,383,1,0,1
830,483,1,0,1
830,488,1,0,1
830,498,1,0,1
830,516,1,0,1
830,543,1,0,1
830,586,1,0,1
830,597,1,0,1
830,601,1,0,1
830,602,1,0,1
830,603,1,0,1
830,604,1,0,1
830,623,1,0,1
830,624,1,0,1
830,714,1,0,1
830,729,1,0,1
830,786,1,0,1
830,787,1,0,1
830,835,1,0,1
830,844,1,0,1
830,854,1,0,1
831,43,0,1,1
831,196,1,0,1
831,845,1,0,1
832,219,1,1,1
833,219,1,1,1
834,143,1,0,0
834,156,1,0,0
834,189,1,0,0
834,204,1,0,0
834,219,1,0,0
834,222,1,0,0
834,249,1,0,0
834,302,1,0,0
834,343,1,0,0
834,470,1,0,0
834,472,1,0,0
834,473,1,0,0
834,481,1,0,0
834,517,1,0,0
834,525,1,0,0
834,526,1,0,0
834,527,1,0,0
834,699,1,0,0
834,727,1,0,0
834,760,1,0,0
834,820,1,0,0
834,852,1,0,0
835,144,1,0,0
835,204,1,0,0
835,209,1,0,0
835,253,1,0,0
835,481,1,0,0
835,525,1,0,0
835,526,1,0,0
835,527,1,0,0
835,530,1,0,0
835,531,1,0,0
835,604,1,0,0
835,657,1,0,0
835,691,1,0,0
835,713,1,0,0
835,714,1,0,0
835,716,1,0,0
835,780,1,0,0
835,830,1,0,0
836,17,1,1,1
836,27,0,1,1
836,143,1,1,1
836,196,0,1,1
836,205,0,1,1
836,209,0,1,1
836,219,1,0,1
836,222,1,0,1
836,224,1,0,1
836,316,1,0,1
836,379,1,0,1
836,392,1,0,1
836,478,1,0,1
836,497,1,1,1
836,518,1,0,1
836,562,1,0,1
836,597,1,0,1
836,691,1,0,1
836,699,1,0,1
836,762,1,0,1
836,765,1,0,1
836,785,1,0,1
836,844,1,0,1
836,855,1,0,1
837,550,0,1,1
837,699,1,0,1
838,699,0,1,1
839,699,0,1,1
840,699,0,1,1
841,135,0,1,1
842,196,0,1,1
842,587,1,0,1
842,844,1,0,1
843,343,1,1,1
843,827,1,0,1
844,20,1,0,0
844,23,1,0,0
844,89,1,0,0
844,98,1,0,0
844,195,1,0,0
844,225,1,0,0
844,283,1,0,0
844,350,1,0,0
844,351,1,0,0
844,352,1,0,0
844,379,1,0,0
844,380,1,0,0
844,433,1,0,0
844,437,1,0,0
844,517,1,0,0
844,518,1,0,0
844,523,1,0,0
844,587,1,0,0
844,784,1,0,0
844,820,1,0,0
844,821,1,0,0
844,830,1,0,0
844,836,1,0,0
844,842,1,0,0
845,209,1,0,0
845,393,1,0,0
845,715,1,0,0
845,770,1,0,0
845,826,1,0,0
845,829,1,0,0
845,831,1,0,0
846,30,1,0,0
846,31,1,0,0
846,32,1,0,0
846,33,1,0,0
846,143,1,0,0
846,145,1,0,0
846,173,1,0,0
846,219,1,0,0
846,252,1,0,0
846,316,1,0,0
846,360,1,0,0
846,368,1,0,0
846,475,1,0,0
846,606,1,0,0
846,607,1,0,0
847,24,0,1,1
847,52,1,0,1
847,145,1,0,1
847,252,1,0,1
847,253,1,0,1
847,292,1,0,1
847,308,1,0,1
847,395,1,0,1
848,43,1,0,0
848,54,1,0,0
848,55,1,0,0
848,209,1,0,0
848,212,1,0,0
848,604,1,0,0
848,771,1,0,0
848,784,1,0,0
848,820,1,0,0
848,849,1,0,0
849,43,1,0,0
849,54,1,0,0
849,55,1,0,0
849,209,1,0,0
849,212,1,0,0
849,317,1,0,0
849,382,1,0,0
849,586,1,0,0
849,604,1,0,0
849,707,1,0,0
849,771,1,0,0
849,784,1,0,0
849,820,1,0,0
849,848,1,0,0
850,209,1,0,0
850,336,1,0,0
850,480,1,0,0
850,648,1,0,0
850,663,1,0,0
851,219,1,1,1
851,252,1,1,1
851,253,1,0,1
851,484,1,0,1
851,597,1,0,1
852,31,1,0,0
852,34,1,0,0
852,144,1,0,0
852,193,1,0,0
852,204,1,0,0
852,209,1,0,0
852,219,1,0,0
852,225,1,0,0
852,249,1,0,0
852,251,1,0,0
852,260,1,0,0
852,282,1,0,0
852,302,1,0,0
852,305,1,0,0
852,306,1,0,0
852,307,1,0,0
852,317,1,0,0
852,322,1,0,0
852,343,1,0,0
852,379,1,0,0
852,479,1,0,0
852,527,1,0,0
852,528,1,0,0
852,530,1,0,0
852,544,1,0,0
852,553,1,0,0
852,625,1,0,0
852,660,1,0,0
852,661,1,0,0
852,699,1,0,0
852,729,1,0,0
852,772,1,0,0
852,785,1,0,0
852,786,1,0,0
852,787,1,0,0
852,820,1,0,0
852,834,1,0,0
853,343,1,1,1
853,541,1,0,1
853,691,1,0,1
854,25,1,0,0
854,222,1,0,0
854,249,1,0,0
854,251,1,0,0
854,260,1,0,0
854,305,1,0,0
854,306,1,0,0
854,530,1,0,0
854,531,1,0,0
854,542,1,0,0
854,548,1,0,0
854,659,1,0,0
854,665,1,0,0
854,714,1,0,0
854,727,1,0,0
854,820,1,0,0
854,830,1,0,0
855,20,1,0,0
855,25,1,0,0
855,83,1,0,0
855,89,1,0,0
855,90,1,0,0
855,152,1,0,0
855,177,1,0,0
855,194,1,0,0
855,195,1,0,0
855,204,1,0,0
855,206,1,0,0
855,219,1,0,0
855,222,1,0,0
855,248,1,0,0
855,280,1,0,0
855,350,1,0,0
855,382,1,0,0
855,493,1,0,0
855,500,1,0,0
855,517,1,0,0
855,549,1,0,0
855,553,1,0,0
855,707,1,0,0
855,712,1,0,0
855,713,1,0,0
855,714,1,0,0
855,715,1,0,0
855,724,1,0,0
855,762,1,0,0
855,765,1,0,0
855,771,1,0,0
855,781,1,0,0
855,802,1,0,0
855,820,1,0,0
855,826,1,0,0
855,827,1,0,0
855,836,1,0,0
856,219,1,1,1
856,692,1,0,1
857,292,1,0,0
857,381,1,0,0
857,581,1,0,0
857,654,1,0,0
857,722,1,0,0
857,724,1,0,0
857,782,1,0,0
858,174,0,1,1
859,219,1,1,1
859,311,1,0,1
859,383,1,0,1
859,527,1,0,1
860,379,1,0,0
861,379,1,0,0
862,52,0,1,1
